;marca;preco
0;Cadeira Gamer KBM! GAMING Tempest CG500 Preta Com Almofadas, Descanso Para Pernas Retrátil, Reclinável - KGCG500PT;0
1;Cadeira Gamer KBM! GAMING Tempest CG600, Branco, Com Almofadas, Descanso Para Pernas Retrátil, Reclinável - KGCG600BR;0
2;Cadeira Gamer KBM! GAMING Tempest CG600, Preta, Com Almofadas, Descanso Para Pernas Retrátil, Reclinável - KGCG600PT;0
3;Cadeira Gamer KBM! GAMING Tempest CG600, Preta e Vermelho, Com Almofadas, Descanso Para Pernas Retrátil, Reclinável - KGCG600PTVM;0
4;Cadeira Gamer KBM! GAMING Tempest CG600, Cinza Claro, Com Almofadas, Descanso Para Pernas Retrátil, Reclinável - KGCG600CZ;0
5;Cadeira Gamer Prizi Canvas, Azul;0
6;Cadeira Gamer KBM! GAMING CG200, Preto - Pistão Classe 3, Almofadas cabeça e lombar - KGCG200PT;0
7;Cadeira Gamer Prizi Pz1006e, até 120 Kg, Ângulo ajustável do encosto, Vermelha;0
8;Cadeira Gamer Vermelha Prizi - Jx-1039r;0
9;Cadeira Gamer KBM! GAMING Tempest CG500 Preta e Roxa, Com Almofadas, Descanso Para Pernas Retrátil, Reclinável - KGCG500PTRX;0
10;Cadeira Gamer Alpha Gamer Vega, Preto, Reclinável, com Almofadas, Cilindro de Gás Classe 4;0
11;Cadeira Gamer Prizi, Preta - Se1006;0
12;Cadeira Gamer Corsair TC100 Relaxed Fabric, Até 120Kg, Com Almofadas, Reclinável, Cilindro de Gás Classe 4, Preto - CF-9010051-WW;0
13;Cadeira Gamer Alpha Gamer Nebula Fabric, Até 150 kg, Apoio de Braço 4D, Reclinável, Cinza - AGNEBULA;0
14;Cadeira Gamer KBM! GAMING Tempest CG500, Preta e Branco, Com Almofadas, Descanso Para Pernas Retrátil, Reclinável - KGCG500PTBR;0
15;Cadeira Gamer Prizi Canvas, Suporta: 120 kg - Rosa;0
16;Cadeira Gamer Prizi Runner, 120Kg, Giratória, Azul;0
17;Cadeira Gamer Prizi JX-1039PU, Até 120Kg, Ajustável, Com Almofadas, Roxa;0
18;Cadeira Gamer Prizi, Amarela, Com Almofadas - JX-1039Y;0
19;Cadeira Gamer ThunderX3 TGC12, Até 120kg, com Almofadas, Reclinável, Preto;0
20;Cadeira Gamer Alpha Gamer Nebula XL Fabric, Até 150 kg, Apoio de Braço 4D, Reclinável, Cinza - AGNEBULAXL;0
21;Cadeira Gamer KBM! GAMING Tempest CG500, Preta e Azul, Com Almofadas, Descanso Para Pernas Retrátil, Reclinável - KGCG500PTAZ;0
22;Cadeira Gamer ThunderX3 TGC12, Preto e Vermelho, Reclinável, com Almofadas, Cilindro de Gás Classe 4;0
23;Cadeira Gamer Corsair T3 Rush 2023, Até 120Kg, Com Almofadas, Reclinável, Apoio de Braços 4D, Cinza e Preto - CF-9010056-WW;0
24;Cadeira Gamer DT3 Nero XL, Até 160Kg, Com Almofada, Descanso de Braço 4D, Preto - 13634-7;0
25;Cadeira Gamer Mymax MX5, Até 150kg, Com Almofadas, Reclinável, Descanso de Braço 2D, Preto - MGCH-MX5/BK;0
26;Cadeira Gamer Corsair TC100 Relaxed Fabric, Até 120Kg, Com Almofadas, Reclinável, Cilindro de Gás Classe 4, Preto e Cinza - CF-9010052-WW;0
27;Cadeira Gamer Prizi Runner, Até 120Kg, Roxa;0
28;Cadeira Gamer Prizi Runner, Até 120Kg, Branca;0
29;Cadeira Gamer KBM! GAMING CG200, Preto e Vermelho - Pistão Classe 3, Almofadas cabeça e lombar - KGCG200PTVM;0
30;Cadeira Gamer Alpha Gamer Vega, Preto e Vermelho, Reclinável, com Almofadas, Cilindro de Gás Classe 4;0
31;Cadeira Gamer Prizi Runner - Preta;0
32;Cadeira Gamer Alpha Gamer Zeta Preto, Reclinável, com Almofadas, Cilindro de Gás Classe 4 - AGZETA-BK;0
33;Cadeira Gamer Mx5, Giratoria, Branco e Rosa - Mymax;0
34;Cadeira Gamer XT Racer Platinum W Series, Até 120kg, Com Almofadas, Reclinável, Descanso de Braço 3D, Preto - XTR-010;0
35;Cadeira Gamer Corsair TC100 Relaxed Leatherette, Até 120Kg, Com Almofadas, Reclinável, Cilindro de Gás Classe 4, Preto - CF-9010050-WW;0
36;Cadeira Gamer XT Racer Defender, Até 120kg, Com Almofadas, Reclinável, Descanso de Braço 3D, Preto - XTR-034;0
37;Cadeira Gamer XT Racer Platinum W Series, Até 120kg, Com Almofadas, Reclinável, Descanso de Braço 3D, Off White - XTR-068;0
38;Cadeira Gamer Alpha Gamer Vega, Preto e Azul, Reclinável, com Almofadas, Cilindro de Gás Classe 4;0
39;Cadeira Gamer XT Racer Platinum W Style, Até 120kg, Regulagem em três dimensões, Sistema Relax, Preto - XTR-070;0
40;Cadeira Gamer Prizi Jx-1039g, até 120 kg, com Almofadas para Pescoço e Lombar, Regulagem de altura, Verde;0
41;Cadeira Gamer Prizi Canvas, Verde;0
42;Cadeira Gamer Mymax Mx5 ,Peso Suportado até 150Kg, Giratória, Preto;0
43;Cadeira Gamer XT Racer Platinum W Series, Até 120kg, Com Almofadas, Reclinável, Descanso de Braço 3D, Marrom - XTR-016;0
44;Cadeira Gamer KBM! GAMING Storm CG300, Preta, Com Almofadas, Reclinável, Descanso de Braço 2D - KGCG300PT;0
45;Cadeira Gamer Corsair T3 Rush 2023, Até 120Kg, Com Almofadas, Reclinável, Apoio de Braços 4D, Preto e Cinza - CF-9010057-WW;0
46;Cadeira Gamer MX6, Giratória, Azul e Preto, Mymax;0
47;Cadeira Gamer Rise Mode Z5, Ângulo Ajustável, Braço 4D, Preto, Tecido - RM-CG-Z05-BK-FBC;0
48;Cadeira Gamer XT Racer Speed Series, Até 120kg, Com Almofadas e Apoio de Pés, Reclinável, Descanso de Braço 2D, Preto - XTS190;0
49;Cadeira Gamer KBM! GAMING CG200, Preto e Branco - Pistão Classe 3, Almofadas cabeça e lombar - KGCG200PTBR;0
50;Cadeira Gamer DT3 Elise, Até 130 Kg, com Almofadas, Reclinável, Preto - 13436-7;0
51;Cadeira Gamer ThunderX3 TGC12, Até 120kg, Com Almofadas, Descanso de Braço 2D, Preto e Azul;0
52;Cadeira Gamer KBM! GAMING Storm CG300, Preta e Azul, Com Almofadas, Reclinável, Descanso de Braço 2D - KGCG300PTAZ;0
53;Cadeira Gamer Corsair T3 Rush 2023, Até 120Kg, Com Almofadas, Reclinável, Apoio de Braços 4D, Cinza e Branco - CF-9010058-WW;0
54;Cadeira Gamer Fox Office Fox Racer, até 130kgs, com RGB e Iluminação LED, com almofadas, Reclinável, Preta;0
55;Cadeira Gamer Fox Racer, Peso Suportado até 130Kg, LED RGB, Branco;0
56;Cadeira Gamer Rise Mode Z3, Ângulo Ajustável, Braço 2D, Preto - RM-CG-03-BK;0
57;Cadeira Gamer Rise Mode Z5, Ângulo Ajustável, Braço 4D, Cinza Claro, Tecido - RM-CG-Z05-GR-FBC;0
58;Cadeira Gamer XT Racer Viking Series, Até 120kg, Com Almofadas e Apoio de Pés, Reclinável, Descanso de Braço 3D, Preto - XTR-018;0
59;Cadeira Gamer Corsair TC200 Fabric, Até 120Kg, Apoio de Braços 4D, Almofadas, Reclinável, Cilindro de Gás Classe 4, Preto - CF-9010049-WW;0
60;Cadeira Gamer Falcon, Wake, Preta;0
61;Cadeira Gamer Rise Mode Z6, Ângulo Ajustável, Braço 2D, ARGB, Preto - RM-CG-06-BK-RGB;0
62;Cadeira Gamer ThunderX3 EC3, Até 120 kg,  Preto - 67998;0
63;Cadeira Gamer ThunderX3 TGC12, Preto e Verde;0
64;Cadeira Gamer XT Racer Speed Series, Até 120kg, Com Almofadas, Reclinável, Descanso de Braço 2D, Preto - XTS150;0
65;Cadeira Gamer DT3 Elise Fabric, Até 130 Kg, Com Almofadas, Reclinável, Descanso de Braço 1D, Preto - 13443-5;0
66;Cadeira Gamer DT3 Nero Elite, Até 130 kg, Com Almofada, Reclinável, Descanso de Braço 4D, Cilindro de gás Classe 4, Cinza - 13542-5;0
67;Cadeira Gamer Husky Gaming Snow, Preto e Azul, Cilindro de Gás Classe 4, Base em Metal, Roda em Nylon - HSN-BB;0
68;Cadeira Gamer DT3 Nero XL, Até 160Kg, Com Almofada, Descanso de Braço 4D, Graphite - 13639-2;0
69;Cadeira Gamer XT Racer Viking Series, Até 120kg, Com Almofadas e Apoio de Pés, Reclinável, Descanso de Braço 3D, Preto e Vermelho - XTR-026;0
70;Cadeira Gamer Mymax MX5, Até 150Kg, com Ajuste de altura, Giratória, Branco e Rosa - MGCH-MX5/PK;0
71;Cadeira Gamer Rise Mode Z5, Ângulo Ajustável, Braço 4D, Cinza - RM-CG-Z05-DG-FBC;0
72;Cadeira Gamer Alpha Gamer Alegra Fabric Cinza - AGALEGRA-F-GRY;0
73;Cadeira Gamer Rise Mode Z6, Ângulo Ajustável, Braço 2D, ARGB, Branco - RM-CG-06-BW-RGB;0
74;Cadeira Gamer PCYes Mad Racer V8 Turbo, Black - V8TBMADPT;0
75;Cadeira Gamer Falcon, Meteora, Preta;0
76;Cadeira Gamer Alpha Gamer Vega, Até 150Kg, Cilindro de Gás 4,  Braço Ajustável, Preto e Laranja;0
77;Cadeira Gamer ThunderX3 TGC12 Profissional, Até 120kg, Com Almofadas, Reclinável, Descanso de Braço 2D, Branco e Preto - 78202;0
78;Cadeira Gamer Draxen Dn3, Giratória, Até 150Kg, Preto/Branco;0
79;Cadeira Gamer XT Racer Defender, Até 120kg, Com Almofadas, Reclinável, Descanso de Braço 3D, Preto e Vermelho - XTR-030;0
80;Cadeira Gamer XT Racer Speed Series, Até 120kg, Com Almofadas, Reclinável, Descanso de Braço 2D, Preto e Cinza - XTS130;0
81;Cadeira Gamer DT3 Nero, Até 140kg, com Almofada, Reclinável, Braço 4D, Cilindro de Gás Classe 4, Preto - 13747-2;0
82;Cadeira Noblechairs Hero TX Gaming Chair-anthracite - NBL-HRO-TX-ATC;0
83;Cadeira Gamer Mymax Mx5, Suportado até 150Kg, Giratória, Preto e Branco;0
84;Cadeira Gamer Elements Magna, até 150 kg, Ergonômica, De Tecido, Preto;0
85;Cadeira Gamer XT Racer Platinum W Series Dolce Gusto, Até 120kg, Braços 3D, Sistema Relax, Preto - XTR-010DG;0
86;Cadeira Gamer Vinik Rocket, 120kg, Ajuste de altura e inclinação Branco e Rosa - CGR10BRS;0
87;Cadeira Gamer Mymax MX5, Até 150kg, Com Almofadas, Reclinável, Descanso de Braço 2D, Preto e Azul - MGCH-MX5/BL;0
88;Cadeira Gamer Falcon, Cosmic, Preta;0
89;Cadeira Gamer DT3 Nero Elite Syrah, Até 160 Kg, Com Almofada, Reclinável, Descanso de Braço 4D, Preto e Vinho - 13543-6;0
90;Cadeira Gamer Prizi Canvas, Até 120KG, Branca e Preta;0
91;Cadeira Gamer XT Racer Draco, Até 120kg, Com Almofadas, Reclinável, Descanso de Braço 4D, Preto e Cinza - XTR-065;0
92;Cadeira Gamer KBM! GAMING Storm CG300, Preta e Branca, Com Almofadas, Reclinável, Descanso de Braço 2D - KGCG300PTBR;0
93;Cadeira Gamer Husky Gaming Avalanche, Rosa e Branco, Com Almofadas, Reclinável, Descanso de Braço 3D - HAV-PW;0
94;Cadeira Gamer Prizi Canvas, Suporta: 120 kg - Branca;0
95;Cadeira Gamer XT Racer Draco, Até 120kg, Com Almofadas, Reclinável, Descanso de Braço 4D, Preto - XTR-064;0
96;Cadeira Gamer DT3 Gamma Fabric, Até 130 Kg, Com Almofadas, Reclinável, Descanso de Braço 3D, Preto - 13491-8;0
97;Cadeira Gamer Alpha Gamer Nebula Fabric,  Até 150 kg, Apoio de Braço 4D, Reclinável, Cinza e Azul - AGNEBULA-GRY-BL;0
98;Cadeira Gamer Vinik Rocket, 120kg, Ajuste de altura e inclinação Preto - CGR10PT;0
99;Cadeira Gamer DT3 Chrono, Até 130Kg, Reclinável, Braço 5D, Cilindro Classe 4, Cinza - 13991-3;0
100;Cadeira Gamer Noblechairs Hero, Black - NBL-HRO-PU-BLA;0
101;Cadeira Gamer DT3 Chrono, Até 130Kg, Reclinável, Braço 5D, Cilindro Classe 4, Vermelho - 14179-2;0
102;Cadeira Gamer Mymax MX5, Até 150 Kg, Giratória, Branco e Roxo;0
103;Cadeira Gamer Dn2 Preto/azul Celeste - Draxen;0
104;Cadeira Gamer DT3 Nero,  Até 140kg, Com Almofada, Reclinável, Descanso de Braço 4D, Preto e Rosa - 13546-9;0
105;Cadeira Gamer Mymax MX5, Até 150kg, Com Almofadas, Reclinável, Descanso de Braço 2D, Branco e Azul - MGCH-MX5/BLWH;0
106;Cadeira Gamer DT3 Mizano Fabric, Até 110 kg, Com Almofadas, Apoio de Braço 3D+, Reclinável, Preto - 13796-6;0
107;Cadeira Gamer Mymax MX5, Até 150Kg, com Ajuste de altura, Giratória, Branco e Roxo - MGCH-MX5/PRWH;0
108;Cadeira Gamer Draxen Dn3, Giratória, Até 150Kg, Preto/Verde;0
109;Cadeira Gamer KBM! GAMING Hailstorm CG450, Preta, Com Almofadas, Reclinável, Descanso de Braço 2D - KGCG450PT;0
110;Cadeira Gamer XT Racer Speed Series, Até 120kg, Com Almofadas e Apoio de Pés, Reclinável, Descanso de Braço 2D, Preto e Cinza - XTS170;0
111;Cadeira Gamer KBM! GAMING Storm CG300, Preta e Vermelha, Com Almofadas, Reclinável, Descanso de Braço 2D - KGCG300PTVM;0
112;Cadeira Gamer Alpha Gamer Vega, Até 130Kg, Cilindro de Gás 4, Braço Ajustável, Preto e Verde;0
113;Cadeira Gamer Corsair TC200, Até 120Kg, Apoio de Braços 4D, Com almofadas, Reclinável, Cilindro de Gás Classe 4, Preto - CF-9010043-WW;0
114;Cadeira Gamer DT3sports Rhino, Até 200kg, Com Almofadas, Reclinável, Descanso de Braço 4D,  Preto - 11229-5;0
115;Cadeira Gamer Corsair T1 Race, Até 120Kg, Com Almofadas, Reclinável, Apoio de Braços 4D, Preto - CF-9010059-WW;0
116;Cadeira Gamer Corsair TC200 Fabric, Até 120Kg, Apoio de Braços 4D, Almofadas, Reclinável, Cilindro Classe 4, Cinza e Branco - CF-9010048-WW;0
117;Cadeira Gamer PCYes Mad Racer V8 Turbo, White - V8TBMADBC;0
118;Cadeira Gamer Husky Gaming Snow, Preto e Vermelho, Cilindro de Gás Classe 4, Base em Metal, Roda em Nylon - HSN-BR;0
119;Cadeira Gamer Husky Gaming Blizzard 900, Preto, Com Almofadas, Reclinável com Sistema Frog, Descanso de Braço 3D - HGMA062;0
120;Cadeira Noblechairs Hero Gaming Chair Java Edition - NBL-HRO-PU-JED;0
121;Cadeira Gamer Corsair T1 Race, Até 120Kg, Com Almofadas, Reclinável, Apoio de Braços 4D, Preto e Branco - CF-9010060-WW;0
122;Cadeira Gamer Mymax Mx1, Peso Suportado até 120Kg, Giratória, Preto E Rosa -  94013900;0
123;Cadeira Gamer Alpha Gamer Nebula Fabric, Tecido, Até 150 kg, Apoio de Braço 4D, Reclinável, Cinza e Rosa - AGNEBULA-GRY-PK;0
124;Cadeira Gamer Husky Gaming Avalanche 900, Preto e Vermelho, Com Almofadas, Reclinável com Sistema Frog, Descanso de Braço 3D - HGMA083;0
125;Cadeira Gamer Mymax MX5, Até 150kg, Com Almofadas, Reclinável, Descanso de Braço 2D, Preto e Branco - MGCH-MX5/WH;0
126;Cadeira Gamer DT3 Elise, Até 130 Kg, com Almofadas, Reclinável, Preto e Azul - 13437-8;0
127;Cadeira Gamer Mymax MX5, Até 150kg, Com Almofadas, Reclinável, Descanso de Braço 2D, Branco e Azul Marinho - MGCH-MX5/BLMR;0
128;Cadeira Ergonômica Thunderx3 Xtc, Peso Máximo Suportado: 150kg, Mesh Black;0
129;Pistão para Cadeiras Husky Gaming Snow, Polar e Frost - HAC-PSPF;0
130;Cadeira Gamer Mymax Mx9, Giratória, Preto/Prata;0
131;Cadeira Gamer XT Racer Defender, Até 120kg, Com Almofadas, Reclinável, Descanso de Braço 3D, Preto e Cinza - XTR-032;0
132;Cadeira Gamer Cougar Terminator, Até 135Kg - Ref.3mternxb.0001;0
133;Cadeira Gamer DT3 Nero Elite Ashen,  Até 160kg, com Almofada, Reclinável, Braço 4D, Cilindro de Gás Classe 4 - 13541-4;0
134;Cadeira Gamer XT Racer Platinum W Series Dolce Gusto, Até 120kg, Braços 3D, Sistema Relax, Marrom, Logo Branco - XTR-016DGLB;0
135;Cadeira Gamer Stillus Ergonômica Com Apoio Para Os Pés - Rosa Chiclete;0
136;Cadeira Gamer Draxen DN2, 150 kg, Altura Ajustáveis, Reclinação, com almofadas, Preto;0
137;Cadeira Gamer DT3 Nero XL, Até 160Kg, Com Almofada, Descanso de Braço 4D, Grape - 13638-1;0
138;Cadeira Gamer Alpha Gamer Polaris Edition, Até 150Kg, Descanso de Braço 4D,  Preto e Branco - AGPOLARISRE-BK-BL;0
139;Cadeira Gamer PCYes Mad Racer V8 Turbo, Blue - V8TBMADAZ;0
140;Cadeira Gamer XT Racer Speed Series, Até 120kg, Com Almofadas e Apoio de Pés, Reclinável, Descanso de Braço 2D, Preto e Vermelho - XTS180;0
141;Cadeira Gamer ThunderX3 BC3, Black e Red- 67992;0
142;Cadeira Gamer Mymax MX0, Peso Suportado até 120Kg, Giratória, Preto e Rosa - Mgch-mx0/pk;0
143;Cadeira Gamer DT3 Chrono, Até 130kg, Apoio de Braços 5D com Rotação 360º, Reclinável, Cinza - 13991-3;0
144;Cadeira Gamer Draxen DN1, até 150 kg, RGB, Rodas de Silicone, Encosto Regulável, Almofadas para apoio, Preto;0
145;Cadeira Gamer Stillus Ergonômica Com Apoio Para Os Pés - Vermelho;0
146;Cadeira Gamer DT3 Rhino Ashen, Com almofadas, Reclinável, Apoio de braço 4D, Preto - 13341-2;0
147;Cadeira Gamer Mymax MX7, Até 150kg, Com Almofadas, Reclinável, Descanso de Braço 2D, Preto e Verde - MGCH-002/GR;0
148;Cadeira Gamer MyMax, Giratoria, Preto -  MX12;0
149;Cadeira Gamer RGB Fox Racer Azul Iluminação LED-logo Preto;0
150;Cadeira Gamer Healer, Level Reclinável Giratória Com Apoio De Pés - Vermelho E Preto;0
151;Cadeira Gamer XT Racer Viking Series, Até 120kg, Com Almofadas e Apoio de Pés, Reclinável, Descanso de Braço 3D, Preto e Branco - XTR-022;0
152;Cadeira Gamer Alpha Gamer Polaris Racing Edition, Até 150Kg, Cilindro de Gás 4, Descanso de Braço  4D, Preto e Azul - AGPOLARISRE-BK-BL;0
153;Cadeira Gamer Vinik Rocket, Peso Suportado até 150Kg, Ajuste de Altura e Inclinação, Preta - Cgr10pt;0
154;Cadeira Gamer Mymax MX7, Suportado até 150Kg, Giratória, Preto e Rosa;0
155;Cadeira Gamer DT3 Nero, Até 140kg,  Com Almofada, Reclinável, Descanso de Braço 4D, Preto e Azul  - 13548-1;0
156;Cadeira Gamer PCYes Mad Racer V8 Turbo, Red - V8TBMADVM;0
157;Cadeira Gamer Husky Gaming Hailstorm 900, Preto e Azul, Com Almofadas, Reclinável com Sistema Frog, Descanso de Braço 3D - HGMA088;0
158;Cadeira Gamer DT3 Sports Rhino Fabric, com Almofada, Reclinável, Apoio de Braço 4D, Cool Black - 13292-7;0
159;Cadeira Gamer XT Racer Draco, Até 120kg, Com Almofadas, Reclinável, Descanso de Braço 4D, Preto e Dourado - XTR-062;0
160;Cadeira Gamer Mymax MX5, Até 150 Kg, Giratória, Branco e Azul;0
161;Cadeira Gamer Mymax MX8, Até 150Kg, Giratória, Preto e Azul;0
162;Cadeira Gamer Mymax Mx12, Peso Máximo Suportado: 150kg, Giratória, Preto/Branco;0
163;Cadeira Gamer XT Racer Defender, Até 120kg, Com Almofadas, Reclinável, Descanso de Braço 3D, Preto e Rosa - XTR-033;0
164;Cadeira Gamer KBM! GAMING CG370 RGB, Preto, Luz RGB, Com Almofadas, Reclinável - KGCG370RGB;0
165;Cadeira Gamer ThunderX3 EC3, Até 120kg, com Almofadas, Preto e Vermelho - 67999;0
166;Cadeira Gamer Mymax MX1, Peso Suportado até 120Kg, Giratória, Preto - mgch-8131/bk;0
167;Cadeira Gamer DT3 Mizano Fabric, Até 110 kg, Com Almofadas, Apoio de Braço 3D+, Reclinável, Cinza - 13799-9;0
168;Cadeira Gamer ThunderX3 BC3 CAMO Military Green - 68835;0
169;Cadeira Gamer Noblechairs Epic Copper Limited Edition, Preta/Cobre - PGW-NB-EGC-016;0
170;Cadeira Gamer Draxen Dn3, Giratória, Até 150Kg, Branco E Rosa;0
171;Cadeira Gamer Alpha Gamer Alegra Fabric, Até 150 kg, Apoio de Braço 4D, Mecanismo Frog, Apoio Lombar Ajustável, Rosa - AGALEGRA-F-PK;0
172;Cadeira Gamer Mx5 Giratória Branco E Azul Marinho - Mymax;0
173;Cadeira Gamer Elements Magna Special, até 150Kg, Ergonômico, Grafite;0
174;Cadeira Gamer Mymax MX0, Peso Suportado até 120Kg, Giratória, Preto - mgch-mx0/bk;0
175;Cadeira Gamer Husky Gaming Snow, Preto e Verde, Cilindro de Gás Classe 4, Base em Metal, Roda em Nylon - HGMA018;0
176;Cadeira Gamer KBM! GAMING Blizzard CG330, Preta, Com Almofadas, Reclinável, Descanso de Braço 2D - KGCG330PT;0
177;Cadeira Gamer Fox Racer RGB, Com Alto Falante, Branco;0
178;Cadeira Gamer XT Racer Viking Series, Até 120 Kg, Com Almofadas, Reclinável, Descanso de Braço 3D, Preto - XTR-014;0
179;Cadeira Gamer DT3Sports Royce, com Almofada, Reclinável, Apoio de Braço 4D, Cool Black - 13291-6;0
180;Cadeira Gamer Falcon, Meteora, Vermelha;0
181;Cadeira Gamer DT3 Nero XL, Até 160Kg, Com Almofada, Descanso de Braço 4D, Bubble - 13636-9;0
182;Cadeira Gamer Noblechairs Hero, Black White - NBL-HRO-PU-BPW;0
183;Cadeira Gamer KBM! GAMING Blizzard CG330, Preta e Branca, Com Almofadas, Reclinável, Descanso de Braço 2D - KGCG330PRBR;0
184;Cadeira Gamer Alpha Gamer Nimbus, Até 125 kg, Apoio de Braço 4D, Reclinável, Branco e Preto - AGNIMBUSBWHT;0
185;Cadeira Gamer Noblechairs EPIC, Black - NBL-PU-BLA-002;0
186;Cadeira Gamer Racer X Comfort, Azul.;0
187;Cadeira Gamer Cougar Armor Elite Royal, Até 120kg, Com almofadas, Descanso de Braço 2D, Preto - 3MELIGLB.0001;0
188;Cadeira Gamer Mymax MX5, Até 150kg, Com Almofadas, Reclinável, Descanso de Braço 2D, Branco e Verde - MGCH-MX5/GRWH;0
189;Cadeira Gamer KBM! GAMING Hailstorm CG450, Preta e Branca, Com Almofadas, Reclinável, Descanso de Braço 2D - KGCG450PTBR;0
190;Cadeira Gamer Husky Gaming Storm, Preto e Verde, Com Almofadas, Reclinável, Descanso de Braço 2D - HST-BG;0
191;Cadeira Gamer Fox Racer RGB, Até 130Kg, Com Iluminação E Alto Falante, Preta;0
192;Cadeira Gamer, MX11, Giratória, Preto, Mymax;0
193;Cadeira Gamer Stillus Ergonômica Com Apoio Para Os Pés - Azul;0
194;Cadeira Gamer Mymax Mx7, Peso Suportado até 150Kg, Giratória, Preto E Azul;0
195;Cadeira Gamer DT3 Chrono, Até 130Kg, Reclinável, Braço 5D, Cilindro Classe 4, Azul - 14178-1;0
196;Cadeira Gamer Noblechairs EPIC, Black Red - NBL-PU-RED-002;0
197;Cadeira Gamer Mymax MX11, Até 150 Kg, Giratória, Preto E Vermelho;0
198;Cadeira Gamer ThunderX3 EC3, Até 120kg, com Almofadas, Preto e Ciano - 68000;0
199;Cadeira Gamer Mymax MX7, Suportado até 150Kg, Giratória, Preto e Verde;0
200;Cadeira Gamer Phenix Alpha Gamer, Até 150Kg, 2x Almofadas, Reclinável, Braços 4D, Preto - AGPHENIX-F-GRY-BK;0
201;Cadeira Gamer XT Racer Viking Series, Até 120kg, Com Almofadas e Apoio de Pés, Reclinável, Descanso de Braço 3D, Rosa e Branco - XTR-023;0
202;Cadeira Gamer Pelegrin, Preta E Cinza - PEL-3011;0
203;Cadeira Gamer Dt3 Elise Fabric V2 13443-5, Com Almofadas Reclinável, Com Descanso De Braço 1D, Preto;0
204;Cadeira Gamer Noblechairs Hero, Black Gold - NBL-HRO-PU-GOL;0
205;Cadeira Gamer KBM! GAMING Hailstorm CG450, Preta e Vermelha, Com Almofadas, Reclinável, Descanso de Braço 2D - KGCG450PTVM;0
206;Cadeira Vita Headrest Cinza Escuro, 14230-0, Dt3sports;0
207;Cadeira Gamer KBM! GAMING Storm CG300, Preta e Verde, Com Almofadas, Reclinável, Descanso de Braço 2D - KGCG300PTVD;0
208;Cadeira Gamer Husky Gaming Blizzard 970,  com Almofadas, Acabamento Alcantara, Reclinável com Sistema Frog, Preto - HGMA135;0
209;Cadeira Gamer Neologic Sirius, Pistão Classe 4, 4d, Reclinável Até 160, Preto,  Até 150kg - Nsirbl;0
210;Cadeira Gamer Alpha Gamer Phenix Fabric, Tecido, Até 150kg, Apoio de Braço 4D, Reclinável, Preto e Azul - AGPHENIX-F-GRY-BK-BL;0
211;Cadeira Gamer Royale MoobX, Até 100Kg, Giratória,  Preto e Cinza;0
212;Cadeira Gamer DT3 Grigio, Até 130Kg, Com Almofadas, Reclinável, Descanso de Braço 1D,  Cinza e Preto - 13373-7;0
213;Cadeira Gamer ELG Drakon, Peso Máx. Suportado 140Kg, Ajuste de altura com sistema Butterfly, Preto - Ch31bk;0
214;Cadeira Gamer Noblechairs EPIC, Mercedes-AMG Petronas One Team Motosport - PGW-NB-EGC-001;0
215;Cadeira De Escritório Presidente Base Cromada Com Rodinha Fortt Sevilha Preta - Cpf04-p;0
216;Cadeira Gamer Husky Gaming Hailstorm 900, Preto e Vermelho, Com Almofadas, Reclinável com Sistema Frog, Descanso de Braço 3D - HGMA085;0
217;Cadeira Gamer DT3 Chrono, Até 130Kg, Reclinável, Braço 5D, Cilindro Classe 4, Maçã Ouro - 14180-4;0
218;Cadeira Gamer Sharkoon Elbrus 2, Black Red;0
219;Cadeira Gamer Elements Lunari, Até 150kg, Ajuste 4D, Reclinável, Com Almofadas, Cinza - 0.6898966322;0
220;Cadeira Gamer, XT Racer Defender, Reclinável Ergonômica, Tecido Polyester, Preto e Rosa.;0
221;Cadeira Gamer Healer até 120 kg Preto E Branco Healer Lancer Reclinável Giratória;0
222;Cadeira Gamer DT3 N10 XL Fabric, Até 130Kg, Reclinável, Braço 4D, Claase 4, Preto - 14102-8;0
223;Cadeira Gamer Falcon, Cosmic, Azul;0
224;Cadeira Gamer DT3 Elise, Até 130 Kg, com Almofadas, Reclinável, Preto e Cinza - 13439-0;0
225;Cadeira Gamer Rise Mode A1, Até 150kg, Descanso de Braço 2D, Com Massageador, Preto e Branco - RM-A1-01-BW;0
226;Cadeira Gamer Cougar Argo One Black, Até 150kg, Com almofadas, Descanso de Braço 3D, Preto - 3MARGOSB.0001;0
227;Cadeira Gamer Gamdias Zelus M3 Weave Lb, Até 140Kg - Cinza E Preto;0
228;Cadeira Gamer Corsair TC200, Até 120Kg, Apoio de Braços 4D, Com Almofadas, Reclinável, Cilindro de Gás Classe 4, Cinza - CF-9010045-WW;0
229;Cadeira Gamer X­rocker Dazz;0
230;Cadeira Gamer ThunderX3 BC7 Larger, Black/Cyan - 68841;0
231;Cadeira Gamer Mymax MX7, Suporta Até 150kg, Giratória, Preto E Vermelho;0
232;Cadeira Gamer DT3 Royce Ashen, Com Almofadas, Reclinável, Apoio de braço 4D, Cinza e Preto - 13340-1;0
233;Cadeira Gamer Mymax Mx15 Giratoria Peso Máximo Suportado: 150 Kg, Preto;0
234;Cadeira Gamer Racer X Reclinável Preta;0
235;Cadeira Gamer Profissional ThunderX3 TGC12, Suporta Até 150Kg, Preto E Verde;0
236;Cadeira Gamer Rise Mode Z5, Ângulo Ajustável, Braço 4D, Preto, PU - RM-CG-05-BK;0
237;Cadeira Gamer Mymax Mx1, Giratória, Preto E Vermelho - mgch-8131/rd;0
238;Cadeira Gamer Falcon, Cosmic, Vermelha;0
239;Cadeira Game XT Racer Extreme, Reclinável Ergonômica, Couro Sintético, Preto;0
240;Cadeira Gamer Mymax Mx1, Peso Suportado até 120Kg, Giratória, Preto E Azul - mgch-8131/bl;0
241;Cadeira Gamer DT3sports Royce Navy Blue - 11914-6;0
242;Cadeira Gamer Cooler Master Caliber X1c Cool-in - Cinza;0
243;Cadeira Gamer Xzone, Peso Suportado até  135Kg, Giratória, Preto e Verde - CGR-02;0
244;Cadeira Gamer Husky Gaming Blizzard 970, cm Almofadas, Acabamento Alcantara, Reclinável com Sistema Frog, Cinza - HGMA132;0
245;Cadeira Gamer Mymax Mx8, Giratória, 150Kg, Preto E Vermelho;0
246;Cadeira Dt3 Gamma Fabric Black, Peso máximo suportado: 120kg;0
247;Cadeira Gamer Mymax Mx5, Até 150Kg, Giratória, Preto E Azul;0
248;Cadeira Gamer Falcon, Blaster Preto,Branca E Vermelha;0
249;Cadeira Gamer  Fortrek Vickers, Peso Suportado até 135Kg, Mecanismo Butterfly, Preto e vermelho - 70520;0
250;Cadeira Gamer Mymax Mx9, até 150kg, Giratória, Com Almofadas, Reclinável, Preto/Roxo;0
251;Cadeira Gamer Cougar Gaming Argo One 3margos.0001;0
252;Cadeira Gamer Rise Mode Z9, Ângulo Ajustável, Braço 4D, Preto - RM-CG-Z09-BK;0
253;Cadeira Gamer Conthey Cinesis Xtreme, Até 150 Kg - N2159702;0
254;Cadeira Gamer Pelegrin Em Couro Pu, Reclinável, Suporta Até 150Kg, Preto E Azul - Pel-3019;0
255;Cadeira Gamer Falcon,Wake,Vermelha;0
256;Cadeira Gamer Cooler Master Caliber R1s - Camo Sakura Edição Especial, Suporta: 150kg;0
257;Cadeira Gamer MoobX Nitro Com Regulagem de Altura e Reclinação 180°;0
258;Cadeira Gamer Infantil Em Couro Pvc Pelegrin Pel-9354, até 60kg - Preto Com Vermelho;0
259;Cadeira Gamer Husky Gaming Storm, Preto e Vermelho, Com Almofadas, Reclinável, Descanso de Braço 2D - HST-BR;0
260;Cadeira Gamer Cougar Armor Titan Pro Royal, Até 160kg, Com almofadas, Descanso de Braço 2D, Preto - 3MTITANR.0001;0
261;Cadeira Gamer Kids Em Couro Pu, Preta e Verde, Pelegrin - Pel-9353;0
262;Cadeira Gamer Hoopson, Preta E Branca - CG-506;0
263;Cadeira Gamer Hoopson, Reclinável E Giratória - Hp-cg505;0
264;Cadeira Gamer Cougar Gaming Argo One Black 3margosb,0001;0
265;Cadeira Gamer Mymax Mx17, 150kg, Giratória, Preto;0
266;Cadeira Gamer Sharkoon Shark Skiller SGS4 Black;0
267;Cadeira Gamer Design Office, Linha Gamer Racing, Com Almofada, Regulavel, Cinza com Preto;0
268;Cadeira Gamer Racer X Comfort, Peso máximo suportado: 100 Kg, Cinza;0
269;Cadeira Gamer Profissional Dc Superman Reclinável Suporta Até 150kg Azul;0
270;Cadeira Gamer Gallant, Altura Regulável, Preta/Vermelha -GCD10GPUA-VM;0
271;Cadeira Gamer Shopb Tank Reclinável E Giratória - Preta E Branca;0
272;Cadeira Gamer, Vinik Rocket, Branca Com Rosa - CGR10BRS;0
273;Cadeira Gamer PCYes Mad Racer V8 Turbo, Pink - V8TBMADPK;0
274;Cadeira Gamer Racer X Reclinável Rosa;0
275;Cadeira Gamer Redragon Heth, Preto E Vermelho - C313-br;0
276;Cadeira Gamer XT Racer Attack, Ergonômica E Reclinável, Couro Sintético, Preto E Prata;0
277;Cadeira Gamer Pelegrin Pel-3023 Reclinável Com Led Preta;0
278;Cadeira Gamer Boxbit Atlético Mineiro Fanático, até 120Kg, Base Rodízio;0
279;Cadeira Gamer Reclinável Sparta Com 2 Almofadas Zidi;0
280;Cadeira Gamer Pelegrin Kids, Em Couro Pu, Preta e Cinza, - PEL-9353;0
281;Cadeira Gamer Level Lv-c01dn, Preto;0
282;Cadeira Gamer Vinik Comet Cgc10p, Até 120kg, Reclinável, Giratória Com Apoio De Braço 2D E Ajuste De Altura, Preta;0
283;Cadeira Gamer Racer X Comfort, Branca, Peso máximo suportado: 100 Kg;0
284;Cadeira Gamer XT Racer Speed Series, Até 120kg, Com Almofadas, Reclinável, Descanso de Braço 2D, Preto e Vermelho - XTS140;0
285;Cadeira Gamer Maxoffice DN2, Até 150 Kg, Preto e Vermelho, Draxen;0
286;Cadeira Gamer Mymax Mx9, Até 150Kg, Giratória, Preto/Azul;0
287;Cadeira Gamer Dt3 Sports Elise V2 13436-7 Preta Com Almofadas E Reclinavel U Unica Unica;0
288;Cadeira Gamer Escritório Cougar Fusion S, Preta E Laranja;0
289;Cadeira Ergonômica Thunderx3 Yama1, Vermelha;0
290;Cadeira Gamer XT Racer Platinum W Com Apoio De Pés Reclinável Ergonômica - Rosa;0
291;Cadeira Gamer Fortrek Black Hawk, Suporta Até 140Kg, Apoio Ajustável Bi-Direcional, Preto - 70508;0
292;Cadeira Gamer OexGame Gc200, Até 100Kg, Altura Ajustável, Couro Sinético, Rosa E Preto;0
293;Cadeira Gamer Sharkoon Skiller SGS2 Black Red;0
294;Cadeira Gamer Mymax Mx0, Suporta Até 120kg, Giratória, Preto E Branco;0
295;Cadeira Gamer Cougar Armor Elite White, Até 120 KG - 3MELIWHB.0001;0
296;Cadeira Office Ergo+ Ls-t7;0
297;Kit Gamer Pelegrin Pel-008p Rosa E Cadeira Gamer Pelegrin Pel-3020 Rosa;0
298;Cadeira Gamer Profissional ThunderX3 TGC12, Peso Suportado até 120Kg, Preto;0
299;Cadeira Gamer Pelegrin Pel-3006, Suporta Até 150Kg, Em Couro Pu, Preto e Verde;0
300;Cadeira Gamer BRX 702, Até 150Kg, Preto E Vermelha;0
301;Cadeira Gamer XT Racer Viking, Reclinável, Ergonômica, Couro Sintético, Preto e Azul;0
302;Cadeira Gamer Infantil Em Couro Pvc Pelegrin Pel-9354, até 60kg - Preto Com Amarelo;0
303;Cadeira Gamer Fortrek Black Hawk, Peso Suportado até 140Kg, Altura Ajustável, Preto e Vermelho;0
304;Cadeira Gamer, MX11, Giratória, Preto E Azul, Mymax;0
305;Cadeira Gamer Reclinável Strike Healer, Suporta até 100Kg, Preta;0
306;Cadeira Gamer Mymax MX15, Até 150 Kg, Giratória, Preto e Azul;0
307;Cadeira Gamer Mymax Mx18, Até 150Kg, Giratória, Preta;0
308;Cadeira Gamer Preta Healer Wells, Reclinável Giratória;0
309;Cadeira Gamer Pcyes Mad Racer V8 Turbo Azul - V8tbmadaz;0
310;Cadeira Nex Max Giratória E Reclinável Preta E Vermelha - Dxracer;0
311;Cadeira Gamer Mymax MX12, Até 150 Kg, Giratória, Preto e Azul;0
312;Cadeira Gamer Racer X Comfort, Verde;0
313;Cadeira Gamer Mymax, Com Almofadas, Braço 2D,  Cilindro de Gás Classe 3, Giratória, Preto e Vermelho - MX13;0
314;Cadeira Gamer Premium, Xzone - Cgr-01-bw;0
315;Cadeira Gamer DT3 Rhino Artemis, Até 150 Kg, Com Almofadas, Reclinável, Descanso de Braço 4D, Branco e Roxo - 13539-1;0
316;Cadeira Gamer Husky Gaming Storm, Branco e Rosa, Com Almofadas, Reclinável, Descanso de Braço 4D - HST-PW;0
317;Cadeira Gamer Cooler Master Caliber X2, Preto;0
318;Kit 2 Cadeiras Gamer Stillus Ergonômica, Com Apoio Para Os Pés, Dourada;0
319;Cadeira Gamer Racer X Comfort, Peso máximo suportado: 100 Kg, Azul Claro;0
320;Cadeira Gamer DT3sports Royce Space Grey - 11913-5;0
321;Cadeira Gamer Infantil Pelegrin, Em Couro Pu, Preta e Vermelha - Pel-9353;0
322;Cadeira Gamer Mymax Mx9, 150kg, Com Almofadas, Braços com Regulagem 2D, Giratória, Cilindro de Gás Classe 2 - 80mm, Preto e Vermelho;0
323;Cadeira Gamer Alpha Gamer Zeta, Até 120 Kg, Preto e Vermelho - AGZETA-BK-R;0
324;Cadeira Gamer, XT Racer, Fire Gun, Reclinável Ergonômica, Couro sintético, Preto.;0
325;Cadeira Gamer, XT Racer Draco, Reclinável Ergonômica, Tecido Polyester, Preto e Cinza.;0
326;Cadeira Gamer ThunderX3 Black Hawk, Peso Suportado até 150Kg, Tecnologia Air Tech, Cinza - BC3 CAMOe CZ;0
327;Cadeira Gamer Racer X, Reclinável, Cinza;0
328;Cadeira Gamer Husky Gaming Blizzard 900, Preto e Vermelho, Com Almofadas, Reclinável com Sistema Frog, Descanso de Braço 3D - HGMA084;0
329;Cadeira Gamer Tr-max, Até 120 Kg, de Couro, Giratória, Ajustável - Branca;0
330;Cadeira Gamer Rise Mode Z10, Ângulo Ajustável, Braço 4D, Preto, PU - RM-CG-Z10-BK;0
331;Cadeira Gamer PCTop Racer, Peso Suportado Até 120Kg, Reclinável, Descanso de pés, Preta E Vermelha - Se1006;0
332;Cadeira Gamer ThunderX3 EC3, Peso Suportado até 150Kg, Ajustável, Ciano E Preto - 68000;0
333;Cadeira Gamer Design Office, Linha Gamer Racing, Com Almofada, Regulavel, Verde Limão com Preto;0
334;Cadeira Gamer Vinik Rocket, Preta Com Azul - Cgr10paz;0
335;Cadeira Gamer Cougar Armor Elite Royal, Até 120Kg - 3meliglb.0001;0
336;Cadeira Gamer Preta XT Racer Viking Reclinável Ergonômica Couro Sintético;0
337;Cadeira Gamer Infantil Em Couro Pvc Pelegrin Pel-9354, até 60kg - Preto Com Cinza;0
338;Cadeira Gamer XT Racer Platinum W Series, Até 120kg, Com Almofadas, Reclinável, Descanso de Braço 3D, Vinho - XTR-017;0
339;Cadeira Gamer Pelegrin Pel-3019, Suporta até 150Kg, em Couro Pu, Encosto reclinável com trava, com almofadas, Preta;0
340;Cadeira Boxbit Falcon, Em Tela Preta, Base Cromada Rodízio, Peso suportado: 120Kg;0
341;Cadeira Gamer Cooler Master Caliber R2c Cool-in - Preto;0
342;Cadeira Gamer Mymax MX7, Até 150kg, Com Almofadas, Reclinável, Descanso de Braço 2D, Preto e Rosa - MGCH-002V1/PK;0
343;Cadeira Gamer Vinik Rocket Preta Com Vermelho - Cgr10pvm;0
344;Cadeira Ergonômica Thunderx3 Yama1, Ciano;0
345;Cadeira Gamer KBM! GAMING Blizzard CG330, Preta e Azul, Com Almofadas, Reclinável, Descanso de Braço 2D - KGCG330PTAZ;0
346;Cadeira Gamer, Racer X Comfort - Rosa;0
347;Cadeira Gamer Mx5, 150kg, Giratória, Com almofadas, Reclinável, Preto/Vermelho;0
348;Cadeira Gamer TC3 ThunderX3, Suporta até 150Kg, Bumblebee Yellow;0
349;Cadeira Gamer Cougar Armor Evo Royal, Até 160kg - 3mevoglb.0001;0
350;Cadeira Gamer Cooler Master Caliber X2, Preto Com Cinza;0
351;Cadeira Gamer Mymax Mx16, Giratória, Preto/Prata;0
352;Cadeira Gamer TC3 ThunderX3, Suporta até 125Kg, All White;0
353;Cadeira Gamer Racer X, Reclinável, Peso máximo suportado: 130 Kg, Azul;0
354;Cadeira Gamer Office Giratória, Com Elevação A Gás, Extreme F03, Preto E Vermelho - Lyam Decor;0
355;Cadeira Gamer XT Racer Attack Reclinável Ergonômica Couro Sintético - Preto e Vermelho;0
356;Cadeira Gamer Falcon,Fury,Preta;0
357;Cadeira Gamer Racer X Reclinável Verde;0
358;Cadeira Gamer, XT Racer Defender, Reclinável Ergonômica, Tecido Polyester, Preto e Vermelho;0
359;Cadeira Gamer, XT Racer Ergo Air, Reclinável Ergonômica,Mesh Respirável, Preto e Dourado.;0
360;Cadeira Gamer XT Racer Attack Com Apoio De Pés Reclinável Ergonômica Couro Sintético - Preto e Azul;0
361;Cadeira Vita Headrest Cinza, 14231-1, Dt3sports;0
362;Cadeira Gamer Pelegrin Pel-3009, Couro Pu - Preta E Vermelha;0
363;Cadeira Gamer Star Game WG-03, Reclinável, Suporta até 120 kg, Vermelha e Preta;0
364;Cadeira Gamer G-hox, Preto, vermelho - Ch-7026;0
365;Cadeira Gamer Ergonômica Thunderx3, De Rodinhas, Tecido Respirável, Apoio De Lombar E De Cabeça Ajustável, Até 120Kg, Ciano E Preto;0
366;Cadeira Gamer XT Racer Defender, Reclinável Ergonômica, Tecido Polyester, Preto e Verde.;0
367;Cadeira Gamer Profissional ThunderX3 TGC12, Peso Suportado até 120Kg, Preta e Azul;0
368;Cadeira Gamer Thunderx3 Ec1, Suporta Até 120kg, Cilindro De Gás, Almofadas, Preto E Rosa - 78233;0
369;Cadeira Gamer Cruiser Fortrek, Suporta até 135Kg, Ajustável, Butterfly, Preta;0
370;Kit 2 Cadeiras Gamer Stillus Ergonômica, Com Apoio Para Os Pés, Azul;0
371;Cadeira Gamer Stillus, Ergonômica, Com Apoio Para Os Pés, Dourada;0
372;Cadeira Gamer Cougar Armor Elite Black, Até 120kg - 3meliblb.0001;0
373;Cadeira Gamer Pelegrin Em Couro Pu, Reclinável, Preta E Cinza - PEL-3013;0
374;Cadeira Gamer Falcon, Wake, Azul;0
375;Cadeira Gamer XT Racer Taycan Com Apoio De Pés Reclinável Ergonômica Couro Sintético - Preto e Vermelho;0
376;Cadeira Gamer Mymax MX0, Peso Suportado até 120Kg, Giratória, Preto e Vermelho - Mgch-mx0/rd;0
377;Cadeira Gamer XT Racer Attack Reclinável Ergonômica Couro Sintético - Preto e Azul;0
378;Cadeira Gamer Cougar Armor Titan Pro Royal,  até 160kg, Com Almofadas, Reclinável, Preta - 3MTITANR.0001;0
379;Cadeira Gamer Pcyes Mad Racer V8 Turbo, Peso Suportado até 180Kg, Função Relax, Preta - V8tbmadpt;0
380;Cadeira Gamer Rocket, Peso Suportado até 150Kg, Ajuste de altura, Preto e Verde - Cgr10pvd;0
381;Cadeira Gamer Camuflada, Cl-cm039 - Clanm;0
382;Cadeira Gamer Husky Gaming Blizzard 970,  com Almofadas, Acabamento Alcantara, Reclinável com Sistema Frog, Preto e Branco - HGMA136;0
383;Cadeira Gamer XT Racer Armor X1 Series Reclinável Ergonômica Couro Sintético Preto;0
384;Cadeira Gamer Pelegrin Em Couro Pu, Preta E Vermelha - PEL-3017;0
385;Cadeira Gamer Dt3 Sports Girl Power V2,Com Almofadas Reclinavel Descanso De Braco, 1d+ Branco E Rosa, U Unica;0
386;Cadeira Gamer XT Racer Platinum W Series, Até 120kg, Com Almofadas, Reclinável, Descanso de Braço 3D, Rosa - XTR-069;0
387;Cadeira Gamer Cooler Master Caliber X1c Preto Cmi-gcx1c-bk, Suporta: 150kg;0
388;Cadeira Gamer Noblechairs Hero, Black Red - NBL-HRO-PU-BRD;0
389;Cadeira Gamer Mymax, Mx5, Até 150kg, Giratória Branco E Verde;0
390;Cadeira Gamer Sakes, Cinza, Reclinável, Com Almofadas, Cilindro de Gás Classe 2 - INP21004;0
391;Cadeira Gamer Boxbit São Paulo SPFC Invicto, até 120Kg, Base Rodízio, reclina até 170 graus, com almofadas;0
392;Cadeira Gamer E Escritório Xt Racer Ergonomics Robust Em Tecido Até 180kg,Preta;0
393;Cadeira Gamer XT Racer Viking Series, Até 120Kg, Com Almofadas, Reclinável, Descanso de Braço 3D, Preto e Branco - XTR-021;0
394;Cadeira Gamer Fun, Ergonomica Reclinável Giratória Cores - Vermelho;0
395;Cadeira Gamer DT3 Romeo, Até 140 kg, Com Almofadas, Apoio de Braço 3D+, Reclinável, Preto - 13791-1;0
396;Cadeira Gamer Infantil Em Couro Pvc Pelegrin Pel-9354, até 60kg - Preto Com Branco;0
397;Cadeira Gamer KBM! GAMING Blizzard CG330, Preta e Vermelha, Com Almofadas, Reclinável, Descanso de Braço 2D - KGCG330PTVM;0
398;Cadeira Gamer Kids, Em Couro Pu, Preta e Azul, Pelegrin - Pel-9353;0
399;Cadeira Gamer Pelegrin, Até 150 Kg, Em Couro Pu, Reclinável, Preta e Vermelha - PEL-3019;0
400;Cadeira Gamer Giratoria MX12 MyMax, Suporta 150Kg, Preto e Vermelho;0
401;Cadeira Gamer XT Racer Vulcan Reclinável Ergonômica Couro Sintético Branco e Rosa;0
402;Cadeira Gamer Mymax Mx5, Peso Suportado até 150Kg, Giratória, Preto e verde;0
403;Cadeira Gamer Pelegrin, Até 150 Kg, Em Couro Pu, Reclinável, Preta e Verde - PEL-3019;0
404;Cadeira Gamer PCYes Mad Racer V8 Turbo, Até 12Kg, Descanso de Braço 4D, Amarelo - V8TBMADAM;0
405;Cadeira Gamer Racer X, Reclinável - Branca;0
406;Cadeira Gamer Boxbit  Atlético Mineiro Invicto, Até 120 Kg, Base Rodízio;0
407;Cadeira Gamer Pelegrin Pel-3005 - Azul, Branca E Preta;0
408;Cadeira Gamer Thunderx3 BC7 Larger, Peso Suportado até 150Kg, Almofadas de pescoço e lombar, Preto E Ciano;0
409;Cadeira Gamer De Balanço Pelegrin Pel-3024 Preta Com Led E Auto-falante Bluetooth;0
410;Cadeira Gamer Cougar Armor Elite, Até 120kg, Com almofadas, Descanso de Braço 2D, Branco - 3MELIWHB.0001;0
411;Cadeira Gamer, Elements Magna Special Knit - Grafite;0
412;Cadeira Gamer Cruiser Fortrek, Suporta até 135Kg, Preta/Azul;0
413;Cadeira Office Elements Lunari, Espuma D50, Mecanismo Frog, Grey;0
414;Cadeira Gamer Alien Healer, Suporta até 120Kg, Reclinável, Com Apoio de Pés, Preto/Verde;0
415;Cadeira Gamer New WG-02, Branco;0
416;Cadeira Gamer Alpha Gamer Zeta Black Blue - AGZETA-BK-BL;0
417;Cadeira Gamer Design Office, Linha Gamer Racing, Com Almofada, Regulavel, Rosa Pink com Preto;0
418;Cadeira Gamer Racer X Comfort, 100Kg, Preta;0
419;Cadeira Gamer Fortrek Blackfire, Suporta até 120Kg, Preta/Vermelha;0
420;Cadeira Gamer Pcyes Mad Racer V8 Turbo, Peso Suportado até 180Kg, Função Relax, Branca - V8tbmadpt;0
421;Cadeira Gamer King Heavy Duty - Cl-ck005;0
422;Cadeira Gamer Rise Mode Z9, Ângulo Ajustável, Braço 4D, Preto - RM-CG-Z09-BK-FBC;0
423;Cadeira Gamer, Xtreme Gamers, Cinesis Ny, até 120 Kgs, Reclinável, Braços Fixos, Preta E Branca;0
424;Cadeira Gamer Healer, Level Reclinável Giratória Com Apoio De Pés - Verde E Preto;0
425;Cadeira Gamer XT Racer Draco, Até 130 Kg, Reclinável Ergonômica, Tecido Polyester, Preto;0
426;Cadeira Gamer Healer, Level Reclinável Giratória Com Apoio De Pés - Azul E Preto;0
427;Cadeira Gamer Reclinável, Strike Healer - Azul/Preto;0
428;Cadeira Gamer Design Office, Linha Gamer Racing, Com Almofada, Regulavel, Café com Preto;0
429;Cadeira Gamer, MX11, Giratória, Preto E Roxo, Mymax;0
430;Cadeira Gamer Warrior Karna, Peso Suportado até 120Kg, Basculante, Giratória, Preta - Ga201;0
431;Cadeira Gamer ThunderX3 TGC12, Até 150Kg, Reclinável, Com Almofadas, Gás Classe 4, Preto E Vermelho;0
432;Cadeira Gamer Primex V2 Preto/vermelho, 62000153,;0
433;Cadeira Gamer Fox Racer RGB, Iluminação LED, Até 120Kg, Preta;0
434;Mesa Gamer Escrivaninha, Tecno, Nicho - Preto e Verde;0
435;Cadeira Gamer XT Racer Draco, Até 130 Kg, Reclinável Ergonômica, Tecido Polyester, Preto e Dourado;0
436;Cadeira Gamer MoobX GT Racer Peso Suportado (kg): 120;0
437;Cadeira Gamer Dt3 Nero Graphite 13748-3, Revestimento Com Tecido, Braco 3d, Ajuste Altura E Inclinacao, U Unica;0
438;Cadeira Gamer Gallant Racer, Até 140 Kg, Giratória, Altura Regulável, Preta E Vermelha - GCD100RPUA-PT;0
439;Cadeira Gamer, Júpiter, Em Couro, Reclinável E Giratória - Vermelha;0
440;Cadeira Presidente Gamer, em Couro Pu, Preta e Azul, Pelegrin - Pel-3002;0
441;Cadeira Gamer KBM! GAMING Hailstorm CG450, Preta e Azul, Com Almofadas, Reclinável, Descanso de Braço 2D - KGCG450PTAZ;0
442;Cadeira Gamer Draxen Dn3 Giratoria,Preta;0
443;Cadeira Office Elements Lunari, Espuma D50, Mecanismo Frog, Black;0
444;Cadeira Gamer Pelegrin Pel-3015, Em Couro PU, Reclinável - Preta E Vermelha;0
445;Cadeira Gamer Thunderx3 BC3 CAMO/AZ Admiral, Peso Suportado até 120Kg, Ergonômica, Reclinável, Camuflada;0
446;Cadeira Gamer Thunderx3 Ec1, Suporta Até 120kg, Cilindro De Gás, Almofadas, Preto E Branco - 78234;0
447;Cadeira Gamer, XT Racer Draco, Reclinável Ergonômica, Tecido Polyester, Preto e Rosa.;0
448;Cadeira Gamer Preto Healer Lancer Reclinável Giratória;0
449;Cadeira Gamer Noblechairs Hero, Black Blue - NBL-HRO-PU-BBL;0
450;Cadeira Gamer, XT Racer Taycan, Escritório, Ergonômica, Reclinável, Couro Sintético, Preto;0
451;Cadeira Gamer Thunderx3 Tgc12, Evo Edição Limitada, até 125 kg, Ergonômica, Braço Bidirecional, Vermelha;0
452;Cadeira Gamer Racer X, Reclinável Hype, Com LED RGB, Peso máximo suportado: 145 Kg;0
453;Cadeira Gamer Alpha Gamer Polaris Racing Edition,  Até 150Kg, Cilindro de Gás 4, Descanso de Braço 4D, Preto e Verde - AGPOLARISRE-BK-GRN;0
454;Cadeira Gamer Premium X-zone, Peso Suportado até 135Kg, Reclinável, Preta E Verde - Cgr 01;0
455;Cadeira Gamer Racer X Comfort, Vermelha, Peso máximo suportado: 100 Kg;0
456;Cadeira Gamer Reclinável, Strike Healer - Peso Máximo Suportado: 100 kg, Verde/Preto;0
457;Cadeira Gamer Dxracer Prince Giratória Com Regulagem De Altura Preta - Lpf132ltc;0
458;Cadeira Gamer ThunderX3 TC3, Suporta Até 150Kg, All Black;0
459;Cadeira Gamer Thunderx3 Ec1, Suporta Até 120kg, Cilindro De Gás, Almofadas, Preto - 78232;0
460;Cadeira Gamer Thunderx3 EC1, Peso Suportado até 150Kg, AIR Tech, Preto;0
461;Cadeira Gamer Xt Racer Platinum W Series Cor:vinho;0
462;Cadeira Gamer, XT Racer Draco, Reclinável Ergonômica, Tecido Polyester, Preto e Azul.;0
463;Cadeira Gamer Noblechairs Hero ST TX, Até 150 Kg, Tecido, Descanso de Braço 4D - NBL-LGD-TX-ATC;0
464;Cadeira Gamer PCYes Mad Racer V8 Turbo, Até 12Kg, Descanso de Braço 4D, Cinza - V8TBMADCZ;0
465;Cadeira Gamer Em Couro PU, Reclinável - PEL-C215;0
466;Cadeira Gamer Stillus, Ergonômica, Com Apoio Para Os Pés, Preta e Branca;0
467;Cadeira Gamer ThunderX3 EC3, Peso Suportado até 150Kg, Ergonômica, Reclinável, Preta - 67998;0
468;Cadeira Gamer Pelegrin Em Couro Pu, Preta E Azul - PEL-3017;0
469;Cadeira Gamer Clanm Cl-ck047 King, Preto, Com RGB, Braco 2d, Pistao 4;0
470;Cadeira Gamer Sharkoon Skiller SGS40, 150kg, Braço 4D, Preto;0
471;Cadeira Gamer Gallant Pro, Até 140 Kg, Giratória, Altura Regulável, Preto e Vermelho;0
472;Cadeira Gamer Alpha Gamer Nimbus, Até 125 kg, Apoio de Braço 4D, Reclinável, Preto e Vermelho - AGNIMBUSBKRED;0
473;Cadeira Gamer Pelegrin, Em Couro PU, Reclinável, Preta E Vermelha - PEL-3003;0
474;Cadeira Gamer, XT Racer Defender, Reclinável Ergonômica, Tecido Polyester Preto e Cinza.;0
475;Cadeira Gamer Brazil PC Júpiter, Em Couro, Reclinável E Giratória, Castanho E Caramelo;0
476;Cadeira Gamer Pelegrin, Preta E Cinza - PEL-3005;0
477;Cadeira Gamer XT Racer Attack, 120Kg, Com Apoio De Pés, Reclinável, Ergonômica, Couro Sintético, Preto e Prata;0
478;Cadeira Gamer Reclinável Strike Healer, Vermelho/Preto;0
479;Cadeira Gamer Pelegrin Pel-3005 Preta E Verde;0
480;Cadeira Gamer DN2, Preto e Azul, Draxen;0
481;Cadeira Gamer Stillus Ergonômica Com Apoio Para Os Pés - Preto;0
482;Cadeira Gamer DT3 Gamma, Até 120 Kg, Com Almofadas, Reclinável, Descanso de Braço 3D, Preto - 13516-6;0
483;Cadeira Gamer Cougar Armor Titan Pro - 3MTITANS.0001;0
484;Cadeira Gamer MoobX Thunder, Peso Suportado até 125Kg, Braços Reguláveis 2D, e Regulagem De Altura, Preto e Azul;0
485;Cadeira Gamer Sharkoon Elbrus 2, Black Blue;0
486;Cadeira Gamer Gc200, Estofado Em Couro Sintético, 100kg, Preto e Laranja;0
487;Cadeira Gamer Fox Racer Zerda Preto Com Apoio De Pe;0
488;Cadeira Gamer Moobx Thunder Preto;0
489;Cadeira Gamer Racer X, Reclinável, Vermelha, Peso máximo suportado: 130 Kg;0
490;Cadeira Gamer Gallant Pro Giratória, Altura Regulável, Preta - GCD10GPUB-AZ;0
491;Cadeira de escritório, Gamer XT Racer Fire Gun, Reclinável Ergonômica, Couro sintético, Preto e Vermelho.;0
492;Cadeira Gamer Cougar Armor Elite, Até 120kg, Com almofadas, Descanso de Braço 2D, Preto e Laranja - 3MELIBLB.0001;0
493;Cadeira Presidente X-line Xt Office, Até 100 Kg - Xto-013;0
494;Cadeira Gamer Falcon, Meteora, Azul;0
495;Cadeira Gamer Husky Gaming Blizzard 970, com Almofadas, Acabamento Alcantara, Reclinável com Sistema Frog, Creme e Vermelho  - HGMA134;0
496;Cadeira Gamer Mymax MX1, Peso Suportado até 120Kg, Giratória, Preto e Verde;0
497;Cadeira Gamer Thunderx3 Tgc12, Evo Edição Limitada, até 125 kg, Ergonômica, Braço Bidirecional, Azul;0
498;Cadeira Gamer E Escritório Xt Racer Platinum W Styles E Tecido,preto;0
499;Cadeira Gamer Thunderx3 Ec3, até 125 kg, com almofadas, Ajustável, Air Tech, Rosa;0
500;CADEIRA GAMER DT3 SPORTS NERO SYRAH COM APOIO LOMBAR 4D;0
501;Cadeira Gamer Fox Racer Nordic, 125kg, Courino, Encostos Ajustável, Preto;0
502;Cadeira Gamer King Cl-ck047 - Clanm;0
503;Cadeira Gamer Mymax Mx12, Giratória, Preto/Verde;0
504;Cadeira Presidente X-home Xt Office, Até 110 Kg - Xto-010;0
505;Cadeira Gamer DT3 N10 Fabric, Até 130Kg, Reclinável, Braço 4D, Claase 4, Preto - 14101-7;0
506;Cadeira Gamer Vinik Rocket, 120kg, Ajuste de altura e inclinação Preto e Vermelho - CGR10PVM;0
507;Cadeira Office Elements Lunari, Espuma D50, Mecanismo Frog, Cream;0
508;Cadeira Gamer Cooler Master Caliber R3, Preto E Roxo - Cmi-Gcr3-Pr;0
509;Cadeira Gamer Alpha Gamer Alegra Fabric, Até 150 kg, Apoio de Braço 4D, Mecanismo Frog, Apoio Lombar Ajustável, Azul - AGALEGRA-F-BL;0
510;Cadeira Gamer Pelegrin em Couro Pu, Reclinável, Suporta até 150Kg, Preta e Verde - Pel-3018;0
511;Cadeira Gamer Mymax Mx5, Até 150 Kg, Giratória, Preta e Vermelha;0
512;Cadeira Gamer Mymax MX0, Até 120Kg, Giratória, Preto e Azul;0
513;Cadeira Gamer Healer Suporta até 120 kg, Branco e Rosa Strike, Reclinável, Giratória;0
514;Cadeira Gamer Mymax, Até 150 Kg, Giratória, Preto e Branco - MX13;0
515;Cadeira Gamer Dazz Série M, Encosto Reclinável, Preto E Rosa - 625170;0
516;Cadeira Gamer Pelegrin, Couro Pu, Preto E Vermelha - PEL-3006;0
517;Cadeira, Dt3sports, Elise, Blue;0
518;Cadeira Gamer Cougar Armor Evo, Até 160kg  - 3mevoorb.0001;0
519;Cadeira Gamer Sharkoon Skiller SGS2 Black Blue;0
520;Cadeira Gamer Greatek Reclinável, Até 150Kg, Estofada, Roxa e Preta;0
521;Cadeira Thunderx3 Tc3, até 125 kg, Rotação de 360 grau, Sakura White;0
522;Cadeira Gamer Gamdias Zelus E3 Weave L Gb, até 120kg, C/ Apoio De Braço, Cinza/preto;0
523;Cadeira Gamer Aerocool Air All Black, Preto - Ac40c;0
524;Cadeira Gamer Pcyes Mad Racer V8 Turbo, até 180kg, Inclinação 135º, ergonômica, estofado de poliéster  Vermelha - V8tbmadvm;0
525;Cadeira Gamer Fortrek Black Hawk, Peso Suportado até 140Kg, Espuma moldada por injeção, Preta e Rosa - Fkcrpp;0
526;Cadeira Gamer Fox Racer, Até 120 Kg, RGB, Azul, Iluminação LED - Logo Preto;0
527;Cadeira Gamer Healer Strike, Suporta até 120Kg, Reclinável com Regulagem, com Almofada Lombar e Pescoço, Pink/Preto;0
528;Cadeira Gamer DT3Sports Elise Fabric, Suporta até 130Kg, Azul;0
529;Kit 2 Cadeiras Gamer Stillus Ergonômica, Com Apoio Para Os Pés, Rosa;0
530;Cadeira Gamer Thunderx3 Tgc12, Profissional, Suporta Até 120kg, Com Almofadas, Preto E Rosa;0
531;Cadeira Gamer Cougar Armor One 3MARONXB-0001, Preta e Laranja;0
532;Cadeira Gamer Healer Strike Reclinável Giratória, suporta até 120 kg, Rosa E Branco;0
533;Cadeira Dxracer Dog (jk004-nw);0
534;Cadeira Gamer Thunderx3 Tgc12, Profissional, Suporta Até 120Kg, Preta E Branca;0
535;Cadeira Gamer Pelegrin, Reclinável, Preta E Cinza - PEL-3018;0
536;Cadeira Thunderx3 Tc3, até 125 kg, Rotação de 360 grau, Azure Blue;0
537;Cadeira Gamer Fortrek Vickers, Preta;0
538;Cadeira Gamer Cruiser Fortrek, Suporta até 135Kg, Preto/Rosa;0
539;Cadeira Gamer Racer X Comfort, Laranja.;0
540;Cadeira Gamer ThunderX3 EC3, Suporta até 150Kg, Preta/Vermelha;0
541;Cadeira Gamer Comet Vinik, Branca, Ergonômica, Reclinável Com Apoio De Braço 2d E Ajuste De Altura;0
542;Cadeira Gamer XT Racer Attack Com Apoio De Pés Reclinável Ergonômica Couro Sintético - Preto e Vermelho;0
543;Cadeira Gamer Pelegrin Pel-3009, Couro PU - Preta, Vermelha E Azul;0
544;Cadeira Gamer Falcon, Fury,Vermelha;0
545;Cadeira Gamer Fortrek Cruiser, Preta, azul;0
546;Cadeira Gamer Thunderx3 Bc3 Camo, Verde Militar;0
547;Cadeira Gamer Fortrek Cruiser, Preta, vermelha;0
548;Cadeira Gamer Fortrek Vickers, Preta, rosa;0
549;Cadeira Gamer Thunderx3 Tgc12, Preta;0
550;Cadeira Gamer Fortrek Cruiser, Preta, rosa;0
551;Cadeira Gamer Thunderx3 Ec1, Vermelha;0
552;Cadeira Gamer Thunderx3 Ec3, Ciano;0
553;Cadeira Gamer Fortrek Black Hawk, Preta, verde;0
554;Cadeira Gamer Fortrek Vickers, Preta, verde;0
555;Cadeira Gamer Thunderx3 Ec1, Branca;0
556;Cadeira Gamer Thunderx3 Tgc12 Evo, Vermelha;0
557;Cadeira Gamer Thunderx3 Ec3, Laranja;0
558;Cadeira De Escritório Dt3 Alera Grey - Encosto Reclinável 132° - Apoio De Cabeça Ajustável - Cinza;0
559;Cadeira Gamer Cougar Armor Elite Preto E Laranja 3meliorb.0001;0
560;Cadeira Gamer Design Office Móveis, Giratória Linha Gamer Racing - Amarelo;0
561;Cadeira Gamer Design Office Móveis Para Home Office Linha Gamer Blenda Azul;0
562;Cadeira Gamer Para Escritório, Linha Gamer Racing, Cinza Claro;0
563;Cadeira Gamer, Interlocutor, Linha Gamer Racing - Cinza;0
564;Cadeira Gamer Design Office, Interlocutor Linha Gamer Racing - Marrom;0
565;Cadeira Gamer Design Office Móveis Interlocutor Linha Gamer Racing, Peso recomendado: até 120 kg, Vermelho;0
566;Cadeira Gamer Amarelo Com Almofada Linha Gamer Racing;0
567;Cadeira Gamer Design Office Móveis Interlocutor Linha Gamer Racing, Peso recomendado: até 120 kg, Verde;0
568;Cadeira Gamer Design Office Móveis Interlocutor Linha Gamer Racing, Peso recomendado: até 120 kg, Laranja;0
569;Cadeira Gamer Design Office Móveis Interlocutor Linha Gamer Racing, Peso recomendado: até 120 kg, Rosa;0
570;Cadeira Gamer, Modelo Armor Air - Ref.3maair.0001;0
571;Cadeira Gamer Design Office Móveis Base Giratória Com Braço, Linha Gamer Racing - Vermelho;0
572;Cadeira Gamer Design Office Móveis Giratória Com Braço, Linha Gamer Racing - Azul;0
573;Cadeira Gamer Fortrek Cruiser, Preta, azul;0
574;Cadeira Gamer Thunderx3 Bc3 Camo, Verde Militar;0
575;Cadeira Gamer Fortrek Cruiser, Preta, vermelha;0
576;Cadeira Gamer Fortrek Vickers, Preta, rosa;0
577;Cadeira Gamer Thunderx3 Tgc12, Preta;0
578;Cadeira Gamer Fortrek Cruiser, Preta, rosa;0
579;Cadeira Gamer Thunderx3 Ec1, Vermelha;0
580;Cadeira Gamer Thunderx3 Ec3, Ciano;0
581;Cadeira Gamer Fortrek Black Hawk, Preta, verde;0
582;Cadeira Gamer Fortrek Vickers, Preta, verde;0
583;Cadeira Gamer Thunderx3 Ec1, Branca;0
584;Cadeira Gamer Thunderx3 Tgc12 Evo, Vermelha;0
585;Cadeira Gamer Thunderx3 Ec3, Laranja;0
586;Cadeira Gamer, Preto Com Vermelho, Cl-cm081 - Clanm;0
587;Cadeira Gamer Sun House Hawker, Em Courino, Preto E Cinza - 61951;0
588;Cadeira Gamer Tr-max, Até 120 Kg, de Couro, Giratória, Ajustável - Preta;0
589;Cadeira Gamer Design Office, Linha Gamer Racing, Com Almofada, Regulavel, Roxo com Preto;0
590;Cadeira Gamer Design Office Diretor, Linha Gamer Racing, ate 110 Kg, Sem Almofada, Verde Água com Preto;0
591;Cadeira Gamer Design Office Diretor, Linha Gamer Racing, ate 110 Kg, Sem Almofada, Marrom com Preto;0
592;Cadeira Gamer Design Office, Linha Gamer Racing, Com Almofada, Regulavel, Verde com Preto;0
593;Cadeira Gamer Design Office Diretor, Linha Gamer Racing, ate 110 Kg, Sem Almofada, Azul com Preto;0
594;Cadeira Gamer Design Office Diretor, Linha Gamer Racing, ate 110 Kg, Sem Almofada, Vinho com Preto;0
595;Cadeira Gamer Design Office, Linha Gamer Racing, Com Almofada, Regulavel, Marrom com Preto;0
596;Cadeira Gamer Design Office Diretor, Linha Gamer Racing, ate 110 Kg, Sem Almofada, Azul Claro com Preto;0
597;Cadeira Gamer Design Office Diretor, Linha Gamer Racing, ate 110 Kg, Sem Almofada, Laranja com Preto;0
598;Cadeira Gamer Design Office Diretor, Linha Gamer Racing, ate 110 Kg, Sem Almofada, Cinza Claro com Preto;0
599;Cadeira Gamer Design Office Diretor, Linha Gamer Racing, ate 110 Kg, Sem Almofada, Verde com Preto;0
600;Cadeira Gamer Design Office, Linha Gamer Racing, Com Almofada, Regulavel, Azul com Preto;0
601;Cadeira Gamer Design Office Diretor, Linha Gamer Racing, ate 110 Kg, Sem Almofada, Café com Preto;0
602;Cadeira Gamer Design Office, Linha Gamer Racing, Com Almofada, Regulavel, Rosa Claro com Preto;0
603;Cadeira Gamer Design Office Diretor, Linha Gamer Racing, ate 110 Kg, Sem Almofada, Bege com Preto;0
604;Cadeira Gamer Design Office Diretor, Linha Gamer Racing, ate 110 Kg, Sem Almofada, Preto com Preto;0
605;Cadeira Gamer Design Office, Linha Gamer Racing, Com Almofada, Regulavel, Telha com Preto;0
606;Cadeira Gamer Base Giratória Com Braço Linha Gamer Racing;0
607;Cadeira Gamer Thunderx3 Tgc12, Azul;0
608;Cadeira Gamer Thunderx3 Tc3, Neon, Green;0
609;Cadeira Gamer Clanm Profissional Mount, Rosa, Giratória, Com Rodinhas E Ajuste De Altura, Apoio Para Cabeça E Almofada Para As Costas, Até 150Kg;0
610;Cadeira Presidente Gamer Em Couro Pu, Preta E Verde Pelegrin - PEL-3002;0
611;Cadeira Presidente Gamer, Em Couro Pu, Preta e Vermelho, Pelegrin - Pel-3002;0
612;Cadeira Gamer Pelegrin, Em Couro PU, Reclinável, Preta E Verde - PEL-3012;0
613;Cadeira Gamer Pelegrin, Couro Pu Preta, Vermelha E Verde - PEL-3009;0
614;Cadeira Gamer Pelegrin Em Couro Pu Reclinável Pel-3012 Preta E Cinza;0
615;Cadeira Gamer Pelegrin Em Couro Pu, Reclinável, Preta E Vermelha - PEL-3013;0
616;Cadeira Gamer Pelegrin Em Couro Pu, Reclinável, Preta E Azul - Pel-3013;0
617;Cadeira Gamer Cooler Master, Caliber R1- Preto e Roxo, Cmi-gcr1 2018.;0
618;Cadeira Gamer BRX 719, Até 120Kg, Vermelho E Preto;0
619;Cadeira Gamer Thunderx3 Tc3 Sakura Black Rosa;0
620;Cadeira Gamer Redragon Heth, C313-b - Preto;0
621;Cadeira Gamer Aerocool Air, Preto E Vermelho - Ac40c;0
622;Cadeira Gamer Escritório Bright - Preta E Amarela - 605;0
623;Cadeira Gamer Fox Racer RGB, Com Alto Falante, Rosa;0
624;Cadeira Gamer Goldentec Gt Moon;0
625;Cadeira Gamer Fox Nordic Confort Preto Apoio Para Os Pes;0
626;Cadeira Gamer DT3 N10, Até 130Kg, Reclinável, Braço 4D, Claase 4, Preto - 14105-1;0
627;Cadeira Gamer DT3 N10 XL, Até 130Kg, Reclinável, Braço 4D, Claase 4, Preto - 14106-2;0
628;Cadeira Gamer Dt3 Sports Nero, Grape - 13547-0;0
629;Cadeira Gamer, Xtreme Gamers, Supra, até 120 Kgs, Reclinável, Braços Fixos, Preta E Azul;0
630;Cadeira Gamer Goldentec Gt Mercury, Suporta Até 120Kg;0
631;Cadeira Gamer, Predator Com Acabamento Premium, Espuma De Alta Densidade;0
632;Cadeira Gamer Fox Racer Zerda Azul Com Apoio De Pe;0
633;Cadeira Gamer Falcon Blaster, Até 150KG, Preta;0
634;Kit 2 Cadeiras Gamer Stillus Ergonômica, Com Apoio Para Os Pés, Preta, Branca;0
635;Cadeira Gamer Viper Pro Preta, verde, Naja;0
636;Cadeira Gamer G-hox Ch-6010, Amarelo, preto;0
637;Cadeira De Escritório Dt3 Vicenza Dark Grey - Apoio De Braço Ajustável - Cinza Escuro - 13890-1;0
638;Cadeira Office Xt Racer, Até 136 Kg - X-art Xto-002;0
639;Cadeira De Escritório Dt3 Vicenza Black - Apoio De Braço Ajustável - Preta - 13385-0;0
640;Cadeira Gamer Redragon Coeus, Preto E Verde - C201-bg;0
641;Cadeira Gamer Thunderx3 Ec1, Rosa;0
642;Cadeira Gamer Thunderx3 Bc7 Xxl, Ciano;0
643;Cadeira Gamer G-hox Ch-6010, Amarelo, preto;0
644;Cadeira De Escritório Dt3 Vicenza Dark Grey - Apoio De Braço Ajustável - Cinza Escuro - 13890-1;0
645;Cadeira Office Xt Racer, Até 136 Kg - X-art Xto-002;0
646;Cadeira De Escritório Dt3 Vicenza Black - Apoio De Braço Ajustável - Preta - 13385-0;0
647;Cadeira Cougar Gaming Nxsys Aero, Black - 3marpblb.0001;0
648;Cadeira Gamer Or Design F16, Peso Máx. Suportado 120Kg, Resistente, Preto- OR-3318PRETA;0
649;Cadeira Gamer Tr-max, Até 120 Kg, de Couro, Giratória, Ajustável - Vermelha;0
650;Cadeira Gamer, Xtreme Gamers, Maximum, até 120 Kgs, Reclinável, Braços Fixos, Preta E Azul;0
651;Cadeira Gamer, Xtreme Gamers, Maximum, até 120 Kgs, Reclinável, Braços Fixos, Preta E Vermelha;0
652;Cadeira Gamer Design Office Móveis Interlocutor Linha Gamer Racing, Peso recomendado: até 120 kg, Roxo;0
653;Cadeira Gamer Interlocutor  Azul Linha Gamer Racing;0
654;Cadeira Gamer Com Almofada, Cinza, Linha Gamer Racing;0
655;Cadeira Gamer Interlocutor  Verde Linha Gamer Racing;0
656;Cadeira Gamer Redragon, Coeus, Preta/azul - C201-bb;0
657;Cadeira Gamer Design Office Móveis Para Escritório Linha Gamer Cagliari Rosa;0
658;Cadeira Gamer Design Office Móveis Giratória Com Braço, Linha Gamer Racing - Azul;0
659;Cadeira Gamer Thunderx3 Tgc12, Evo Edição Limitada, até 125 kg, Ergonômica, Braço Bidirecional, Verde;0
660;Cadeira Gamer Design Office Diretor, Linha Gamer Racing, ate 110 Kg, Sem Almofada, Verde Limão com Preto;0
661;Cadeira Gamer Design Office, Linha Gamer Racing, Com Almofada, Regulável, Vermelho com Preto;0
662;Cadeira Gamer, Modelo Armor Air Black - Ref.3maairb.0001;0
663;Cadeira Gamer OexGame Gc500, Com LED E Controle Remoto, Até 120Kg, Cilindro Classe 4, 2 Almofadas Removíveis, Preto E Cinza;0
664;Cadeira Gamer Para Escritório, Linha Gamer Cagliari - Azul;0
665;Cadeira Gamer Design Office Móveis Base Giratória Com Braço Linha Gamer Racing - Vermelho;0
666;Cadeira Gamer  Clanm,Preta E Cinza Mount;0
667;Cadeira Gamer Para Escritório, Linha Gamer Racing, Verde;0
668;Cadeira Gamer, Interlocutor, Linha Gamer Racing - Marrom;0
669;Cadeira Dt3office Celeste Black Peso máximo recomendado  120kg cilindro classe 3.85mm;0
670;Cadeira Gamer Para Escritório, Linha Gamer Racing, Laranja;0
671;Cadeira Gamer Para Escritório, Linha Gamer Racing, Rosa;0
672;Cadeira Gamer Para Escritório, Linha Gamer Racing, Verde;0
673;Cadeira Gamer Para Escritório, Linha Gamer Racing, Verde;0
674;Cadeira Gamer, Giratória Linha Gamer, Racing Amarelo - Azul;0
675;Cadeira Gamer Para Escritório, Linha Gamer Racing, Amarelo;0
676;Cadeira Gamer, Giratória, Linha Gamer Racing - Amarelo;0
677;Cadeira Gamer Para Escritório, Linha Gamer Racing, Preto;0
678;Cadeira Gamer Overseas Overx Pro Opt, Até 120Kg, Ergonômica/Giratória, Preto E Vermelho;0
679;Cadeira Gamer, Preto Com Branco, Cl-cm081 - Clanm;0
680;Cadeira Gamer Base Fixa Com Braço Linha Gamer Racing Azul;0
681;Cadeira Gamer Design Office Móveis, Até 120 Kg,  Base com Braço,  Vermelho;0
682;Cadeira Gamer Design Office Diretor, Linha Gamer Racing, ate 110 Kg, Sem Almofada, Cinza com Preto;0
683;Cadeira Gamer Design Office, Linha Gamer Racing, Com Almofada, Regulavel, Verde Escuro com Preto;0
684;Cadeira Gamer Design Office Diretor, Linha Gamer Racing, ate 110 Kg, Sem Almofada, Roxo com Preto;0
685;Cadeira Gamer Design Office, Linha Gamer Racing, Com Almofada, Regulavel, Azul Claro com Preto;0
686;Cadeira Gamer Base Giratória Com Braço Linha Gamer Racing;0
687;Cadeira Gamer Design Office Móveis Interlocutor, Linha Gamer Racing, até 120 kg, Bege;0
688;Cadeira Gamer Design Office Diretor, Linha Gamer Racing, ate 110 Kg, Sem Almofada, Amarelo Mostarda com Preto;0
689;Cadeira Gamer Design Office Diretor, Linha Gamer Racing, ate 110 Kg, Sem Almofada, Rosa Claro com Preto;0
690;Cadeira Gamer Thunderx3 Ec3, Rosa;0
691;Cadeira Gamer Fortrek Black Hawk Preta De Alta Resistência Giratória Com Rodinhas, Ajuste Lateral Ombro E Encosto Para Jogos + Mesa Gamer Com Pés Nivelados;0
692;Cadeira Gamer King Gaming Clanm RGB, Preto, Luz RGB, Com Almofadas, Até 150Kg;0
693;Cadeira Gamer Escritório Rosa Fortrek Black Hawk, Alta Qualidade, Com Ergonomia Ajustável + Apoio Lombar E De Braços + Mesa Gamer Fortrek Vickers Com Pés Niveladores;0
694;Cadeira Gamer Giratória Profissional Fortrek Com Rodinhas E Ajuste De Altura Apoio Para Cabeça E Almofada Para As Costas + Mesa Gamer Vickers Preta;0
695;Cadeira Gamer Mymax Mx15, Giratória, Preto/Vermelho;0
696;Cadeira Gamer Clanm Heavy Duty Silver, Com Almofadas, Base De Metal, Até 180Kg;0
697;Cadeira Gamer Thunderx3 Tc3 Tiger, Laranja;0
698;Cadeira Gamer Elg Racing Ch03rd;0
699;Cadeira Gamer Pelegrin Pel-3011, Preta E Azul;0
700;Cadeira Gamer Pelegrin, Couro Pu Preta, Vermelha E Cinza - PEL-3009;0
701;Cadeira Gamer Pelegrin Pel-3011, Preta E Vermelha;0
702;Cadeira Gamer Pelegrin, Em Couro PU, Reclinável, Preta E Azul - PEL-3003;0
703;Cadeira Gamer Falcon,Fury,Azul;0
704;Cadeira Gamer Thunderx3 Ec3, até 125 kg, com almofadas, Ajustável, Air Tech, Laranja;0
705;Cadeira Gamer Royale Preto, Branco E Vermelho, com regulagem de altura;0
706;Cadeira Gamer Cougar Armor Elite, Até 120Kg - 3meliorb.0001;0
707;Cadeira Thunderx3 Tc3, até 125 kg, Rotação de 360 grau, Neon Green;0
708;Cadeira Gamer Fox Racer Zerda Branco Com Apoio De Pe;0
709;Cadeira Gamer Cooler Master Caliber R1, Vermelha, Cmi-gcr1 2019r;0
710;Kit 2 Cadeiras Gamer Stillus Ergonômica, Com Apoio Para Os Pés, Preto E Rosa;0
711;Cadeira Gamer Dt3 Sports Nero, Cloud;0
712;Cadeira Gamer, Xtreme Gamers, Supra, até 120 Kgs, Reclinável, Braços Fixos, Preta E Vermelha;0
713;Cadeira Gamer Multi Sense Viper,  Até 130Kg, Azul  - Ga227;0
714;Cadeira Gamer Sense Viper Multi, Até 130Kg, Preta - Ga226;0
715;Cadeira Gamer Thunderx3 Tgc12, Verde;0
716;Cadeira Gamer Thunderx3 Ec3, Vermelha;0
717;Cadeira Gamer Thunderx3 Ec1 Boss Void, Preta;0
718;Cadeira Gamer Fortrek Cruiser, Preta;0
719;Cadeira Gamer Thunderx3 Ec1, Preta;0
720;Cadeira Gamer Fortrek Cruiser, Preta, verde;0
721;Cadeira Gamer Thunderx3 Tc3 Ember, Vermelha;0
722;Cadeira Gamer Fortrek Vickers, Preta, azul;0
723;Cadeira Gamer Cougar Armor Elite Eva - 3melipnb.0001;0
724;Cadeira Gamer Fortrek Vickers, Preta;0
725;Cadeira Gamer G-hox Ch-8701, Branco, azul;0
726;Cadeira Gamer Cougar Armor Elite Royal, Até 120kg - 3meliglb.0001;0
727;Cadeira De Escritório Dt3 Alera Red - Encosto Reclinável 132° - Apoio De Cabeça Ajustável - Vermelha;0
728;Cadeira Gamer Thunderx3 Tgc12, Vermelha;0
729;Cadeira Gamer Reclinável, Greatek, Preto e Vermelho;0
730;Cadeira Gamer Estofada Camuflada Greatek;0
731;Cadeira Gamer Design Office Móveis Interlocutor Linha Gamer Racing, Peso recomendado: até 120 kg, Verde;0
732;Cadeira Gamer Design Office Móveis Interlocutor Linha Gamer Racing, Peso recomendado: até 120 kg, Cinza;0
733;Cadeira Gamer Design Office Móveis Para Escritório Linha Gamer Cagliari Verde;0
734;Cadeira Gamer Design Office Móveis Interlocutor Linha Gamer Racing, Peso recomendado: até 120 kg, Azul;0
735;Cadeira Gamer Design Office Móveis Interlocutor Linha Gamer Racing, Peso recomendado: até 120 kg, Verde com Preto;0
736;Cadeira Gamer Design Office Diretor, Linha Gamer Racing, ate 110 Kg, Sem Almofada, Branco com Preto;0
737;Cadeira Gamer Design Office Diretor, Linha Gamer Racing, ate 110 Kg, Sem Almofada, Vermelho com Preto;0
738;Cadeira Gamer Design Office, Linha Gamer Racing, Com Almofada, Regulavel, Verde Água com Preto;0
739;Cadeira Gamer Design Office Diretor, Linha Gamer Racing, ate 110 Kg, Sem Almofada, Verde Escuro com Preto;0
740;Cadeira Gamer Design Office, Linha Gamer Racing, Com Almofada, Regulável, Vinho com Preto;0
741;Cadeira Gamer Base Giratória Com Braço Linha Gamer Racing;0
742;Cadeira Gamer Design Office, Linha Gamer Racing, Com Almofada, Regulavel, Branco com Preto;0
743;Cadeira Gamer Design Office Móveis Gamer Racing, Até 120 Kg, Base com Braço, Vermelho;0
744;Cadeira Gamer Base Fixa Com Braço Linha Gamer Racing Azul;0
745;Cadeira Gamer Base Giratória Com Braço Linha Gamer Racing Amarelo;0
746;Cadeira Gamer Design Office Diretor, Linha Gamer Racing, ate 110 Kg, Sem Almofada, Rosa Pink com Preto;0
747;Cadeira Gamer Base Giratória Com Braço Linha Gamer Racing Vermelho;0
748;Cadeira Gamer Design Office Diretor, Linha Gamer Racing, ate 110 Kg, Sem Almofada, Telha com Preto;0
749;Cadeira Gamer Para Escritório, Linha Gamer Racing, Bege;0
750;Cadeira Gamer Para Escritório, Linha Gamer Cagliari, Vermelho;0
751;Cadeira Gamer Para Escritório, Linha Gamer Racing, Roxo;0
752;Cadeira Gamer Para Escritório, Linha Gamer Racing, Marrom;0
753;Cadeira Gamer Design Office Móveis Giratória, Linha Gamer Racing - Amarelo;0
754;Cadeira Gamer Gxt 707r Resto Gaming Trust;0
755;Cadeira Gamer Base Fixa Com Braço Linha Gamer Racing Azul;0
756;Cadeira Gamer Design Office, Linha Gamer Racing, Com Almofada, Regulavel, Laranja com Preto;0
757;Cadeira Gamer Base Giratória Com Braço Linha Gamer Racing;0
758;Cadeira Gamer Design Office, Linha Gamer Racing, Com Almofada, Regulavel, Bege com Preto;0
759;Cadeira Gamer Base Fixa Com Braço Linha Gamer Racing Azul;0
760;Cadeira Gamer Para Escritório Linha Gamer Cagliari Laranja;0
761;Cadeira Gamer, Interlocutor, Linha Gamer Racing - Vermelho;0
762;Cadeira Gamer, Interlocutor, Linha Gamer Racing - Branco;0
763;Cadeira Gamer Para Escritório, Linha Gamer Racing, Bege;0
764;Cadeira Gamer Para Escritório, Linha Gamer Cagliari, Vermelho;0
765;Cadeira Gamer Para Escritório, Linha Gamer Racing, Roxo;0
766;Cadeira Gamer Para Escritório, Linha Gamer Racing, Marrom;0
767;Cadeira Gamer Design Office Móveis Giratória, Linha Gamer Racing - Amarelo;0
768;Cadeira Gamer Gxt 707r Resto Gaming Trust;0
769;Cadeira Gamer Base Fixa Com Braço Linha Gamer Racing Azul;0
770;Cadeira Gamer Design Office, Linha Gamer Racing, Com Almofada, Regulavel, Laranja com Preto;0
771;Cadeira Gamer Base Giratória Com Braço Linha Gamer Racing;0
772;Cadeira Gamer Design Office, Linha Gamer Racing, Com Almofada, Regulavel, Bege com Preto;0
773;Cadeira Gamer Base Fixa Com Braço Linha Gamer Racing Azul;0
774;Cadeira Gamer, Preto, Com Almofada, Linha Gamer Racing;0
775;Cadeira Gamer OverX Pro Opt, Até 120Kg, Ergonômica, Giratória, Preto E Azul;0
776;Cadeira Gamer Dt3 Elise Fabric V2 13446-8, Vermelho, Com Almofadas Reclinavel E Com Descanso De Braco, 1d U Unica;0
777;Cadeira Gamer Dt3 Sports Nero Elite, Cool Black - 13542-5;0
778;Cadeira Gamer Thunderx3 Tc3, All White, Branca;0
779;Cadeira Gamer Thunderx3 Tc3 Sakura Black, Rosa;0
780;Cadeira Gamer Thunderx3 Tgc12, Rosa;0
781;Cadeira Gamer Pelegrin, Em Couro PU, Reclinável, Preta E Vermelha - PEL-3012;0
782;Cadeira Gamer Pelegrin, Reclinável, Preta E Vermelha - PEL-3018;0
783;Cadeira Gamer Pelegrin, Preta E Azul - PEL-3005;0
784;Cadeira Gamer Pelegrin, Preta E Vermelha - PEL-3005;0
785;Cadeira Diretor X-work Xt Office, Até 90 Kg - Xto-012;0
786;Cadeira Gamer Thunderx3 Ec3, até 125 kg, com almofadas, Ajustável, Air Tech, Branca;0
787;Cadeira Gamer Thunderx3 Tgc12 Evo, até 125kg, com almofadas, Braço bidirecional, Couto Sintetico, Branca;0
788;Cadeira Gamer Falcon,Blaster Preto,Branca E Azul;0
789;Cadeira Gamer Xzone Cgr-03-b Premium, Preto;0
790;Cadeira Gamer BRX 711, Até 120kg, Preto E Vermelho;0
791;Cadeira Gamer Aerocool Air, Preto E Azul - Ac40c;0
792;Cadeira Gamer Goldentec Gt Mars, Peso Máximo suportado 120kg;0
793;Cadeira Gamer Dt3 Sports Elise V2 13439-0, Cinza, Com Almofadas E Reclinavel, Suporta Ate 130kg, U Unica;0
794;Cadeira Vita Headrest Laranja, 14231-1, Dt3sports;0
795;Cadeira Vita Headrest Azul, 14229-8, Dt3sports;0
796;Kit 2 Cadeiras Gamer Stillus Ergonômica, Com Apoio Para Os Pés, Preto;0
797;Cadeira Gamer Xzone, Premium, Cgr-03-r - Preto/vermelho;0
798;Kit 2 Cadeiras Gamer Stillus Ergonômica, Com Apoio Para Os Pés, Vermelho;0
799;Cadeira Gamer X-zone Premium Cgr-01-r  Preto,vermelho;0
800;Cadeira Gamer X-zone Premium Cgr-01-r  Preto,vermelho;0
801;Cadeira Gamer Moob Horizon, Giratória, Com Função Relax, Braços Ajustáveis, Preto;0
802;Cadeira Gamer Viper Pro Mamba, Até 120 Kg, Com Almofadas, Reclinável, Acolchoada, Giratória, Preta - Vi402 Cadmamba602;0
803;Cadeira Gamer PCYes Mad Racer V8 Turbo, Green - V8TBMADVD;0
804;Cadeira Gamer Fortrek, Cruiser, Preta/Vermelha, Reclinável;0
805;Cadeira Gamer Black Hawk Fortrek, Preta com Verde;0
806;Cadeira Gamer Fortrek Black Hawk, Até 120Kg, Reclinável, Preto E Azul;0
807;Cadeira Gamer, MoobX, Profissional Thunder, Braços Reguláveis 2D e Regulagem De Altura;0
808;Cadeira Gamer, MoobX, Profissional Thunder, Braços Reguláveis 2D e Regulagem De Altura;0
809;Cadeira Gamer MoobX Nitro, Até 125 Kg, Com Regulagem de Altura e Reclinação 180°;0
810;Cadeira Gamer PRO-X Gaming Executiva, Reclinável, Giratóri Preto/Vermelho;0
811;Cadeira Gamer Bela MoobX GT Racer Profissional, Preto/Amarelo;0
812;Cadeira Gamer ThunderX3 Camo/VD Military - BC3;0
813;Cadeira Gamer Fortrek Vickers, Suporta até 135Kg, Preta/Verde;0
814;Cadeira Gamer Pcyes Mad Racer V8 Turbo, Verde - V8TBMADVD;0
815;Cadeira Gamer Pelegrin em Couro Pu, Reclinável, Suporta até 150Kg, Preta e Cinza - Pel-3003;0
816;Cadeira Gamer Fortrek Vickers, Suporta até 135Kg, Preta/Rosa;0
817;Cadeira Gamer ThunderX3 TC3, Peso Suportado até 125Kg, Apoio de Braços Bi-direcional, Ember Red;0
818;Cadeira Gamer Cruiser Fortrek, Suporta até 135Kg, Preta/Verde;0
819;Cadeira Gamer Fortrek Vickers, Peso Suportado até 135Kg, Mecanismo Butterfly, Azul - 70521;0
820;Cadeira Gamer ThunderX3 EC1, Suporta até 150Kg, Vermelha;0
821;Cadeira Gamer PCTOP Elite 1010 - Preta e Vermelha.;0
822;Cadeira Gamer Mad Racer Sti Master Preto - Madstimspt;0
823;Cadeira Gamer Gc200 - Oex Game - Preta E Cinza;0
824;Cadeira Gamer Top Tag, Giratória, Vermelho  - HS2706RD;0
825;Cadeira Gamer Pelegrin, Em Couro Pu, Reclinável, Preta e Verde - Pel-3013;0
826;Cadeira Gamer Pelegrin, Em Couro PU, Reclinável, Preta E Azul - PEL-3012;0
827;Cadeira Gamer Reclinável, Preta E Cinza, Kross - KE-GC101;0
828;Cadeira Gamer Reclinável, Preta E Vermelha, Kross - KE-GC100;0
829;Cadeira Gamer Reclinável Predator Com 2 Almofadas Zidi;0
830;Cadeira Gamer Reclinável Predator Com 2 Almofadas Zidi;0
831;Cadeira Gamer Reclinável Predator, Com 2 Almofadas - Zidi;0
832;Cadeira Office Pro Gamer G-force Preto E Azul - D´rossi;0
833;Cadeira Gamer Giratoria Branco Top Tag - HS927WT;0
834;Cadeira Gamer Moobx Thunder Preto E Vermelho;0
835;Cadeira Gamer Reclinável Sparta Com 2 Almofadas Zidi;0
836;Cadeira Gamer Reclinável Sparta Com 2 Almofadas Zidi;0
837;Cadeira Gamer Gc302, Estofado Em Couro, Sintético, 120kg, Preto e Laranja;0
838;Cadeira Gamer Gc301, Estofado Em Couro Sintético, 120kg, Preto e Laranja;0
839;Cadeira Gamer F-New, Azul, Reclinável Giratória;0
840;Cadeira Gamer Top Tag Hs158bli - Azul E Preta;0
841;Cadeira Gamer Reclinável Greatek, Preto e Azul;0
842;Cadeira Gamer, Giratória Extreme F01, Preta/azul  - Mpozenato;0
843;Cadeira Gamer Dt3sports Rgb Estelar V3;0
844;Cadeira Gamer B.Hoff Mobile Reclinável E Relax, Com Iluminação LED RGB, Preta, Peso suportado: até 120 kg.;0
845;Cadeira Gamer Boxbit F16, Vermelha, Base Rodízio;0
846;Cadeira Gamer Boxbit F16 Army, Base Rodízio;0
847;Cadeira Gamer, Oexgame, Gc200, 100kg;0
848;Cadeira Gamer Havit Gc932, Azul E Preto;0
849;Cadeira Gamer Havit GC932, Vermelho E Preto;0
850;Cadeira Gamer Stars, Com Encosto Reclinável, Mecanismo Backsystem, Preta E Azul, Capacidade Até 120Kg;0
851;Cadeira Gamer Dt3 Sports Rhino, Tecido De Algodao E Malha, Cool Black - 13292-7;0
852;Cadeira Gamer, Xt Racer, Armor Series, Preto e Vermelho;0
853;Cadeira Gamer XT Racer Vulcan Reclinável Ergonômica Couro Sintético - Preto e Vermelho;0
854;Cadeira Gamer, XT Racer Fire Gun, Reclinável Ergonômica, Couro sintético, Preto e Prata.;0
855;Cadeira Gamer XT Racer Taycan Escritório Ergonômica Reclinável Couro Sintético - Preto e Cinza;0
856;Cadeira Gamer XT Racer Taycan Escritório Ergonômica Reclinável Couro Sintético - Preto e Vermelho;0
857;Cadeira Gamer, XT Racer Viking, Reclinável Ergonômica, Couro Sintético, Preto e Amarelo.;0
858;Cadeira Gamer XT Racer Vulcan Reclinável Ergonômica Couro Sintético Preto e Branco;0
859;Cadeira Gamer XT Racer Vulcan Reclinável Ergonômica Couro Sintético Preto;0
860;Cadeira Gamer Husky Gaming Hailstorm, Preto e Verde, Com Almofadas, Reclinável, Descanso de Braço 2D - HHA-BG;0
861;Cadeira Gamer Alpha Gamer Alegra, Até 150 kg, Apoio de Braço 4D, Mecanismo Frog, Apoio Lombar Ajustável, Cinza - AGALEGRA-PUL-GRY;0
862;Cadeira Gamer Alpha Gamer Nebula Fabric, Até 150 kg, Apoio de Braço 4D, Reclinável, Cinza e Laranja - AGNEBULA-GRY-O;0
863;Cadeira Gamer Husky Gaming Blizzard RGB, Preto, Luz RGB, Com Almofadas, Reclinável - HBL-RGB;0
864;Cadeira Gamer Corsair T2 Road Warrior, Até 136Kg, Apoio de Braços 4D, com Almofadas, Reclinável, Preto - CF-9010006-WW;0
865;Cadeira Gamer Husky Gaming Polar, Preto e Vermelho, Cilindro de Gás Classe 3, Base em Nylon, Roda em Nylon - HPO-BR;0
866;Cadeira Gamer DT3sports Romeo, Grey - 11207-1;0
867;Braços para Cadeiras Husky, 2 lados Polar - HAC-BP;0
868;Cadeira Gamer Dazz Elite, 100 Kg, Mecanismo de Ajuste Butterfly, Black - 624761;0
869;Cadeira Gamer Multi Tongea Green - GA160;0
